Color Histogram,Num Contours,Mean Intensity,Std Intensity,Width,Height,Pokemon Name
[0.97169846 0.         0.         ... 0.         0.         0.22685231],1,75.87166666666667,103.97776499756517,120,120,Abomasnow
"[9.997678e-01 0.000000e+00 0.000000e+00 ... 0.000000e+00 0.000000e+00
 3.047608e-04]",1,16.11541666666667,53.973563601840716,120,120,Abra
[0.99793833 0.         0.         ... 0.         0.         0.06025916],1,32.37715277777778,76.19000494162235,120,120,Absol
"[9.9953556e-01 0.0000000e+00 0.0000000e+00 ... 0.0000000e+00 0.0000000e+00
 9.9456275e-04]",1,22.26013888888889,53.553351850515895,120,120,Accelgor
[0.99962753 0.         0.         ... 0.         0.         0.00310363],1,29.536458333333332,65.52245419795616,120,120,Aegislash
[0.9995174  0.         0.         ... 0.         0.         0.00942473],1,27.163125,65.25236044015689,120,120,Aerodactyl
[0.99352926 0.         0.         ... 0.         0.         0.04445921],1,38.00694444444444,69.8103031364061,120,120,Aggron
"[9.9985963e-01 0.0000000e+00 0.0000000e+00 ... 0.0000000e+00 0.0000000e+00
 2.3357567e-04]",1,17.952986111111112,54.439891146360544,120,120,Aipom
[0.99905455 0.         0.         ... 0.         0.         0.00355813],1,35.20784722222222,75.1751727048158,120,120,Alakazam
[0.9991908 0.        0.        ... 0.        0.        0.0029839],1,28.749375,67.67586990696854,120,120,Alomomola
[0.97998685 0.         0.         ... 0.         0.         0.18577245],1,70.13652777777777,106.402658823031,120,120,Altaria
"[9.9946392e-01 0.0000000e+00 0.0000000e+00 ... 0.0000000e+00 0.0000000e+00
 3.8974572e-04]",1,20.686875,60.39016954550116,120,120,Amaura
"[9.9890953e-01 0.0000000e+00 0.0000000e+00 ... 0.0000000e+00 0.0000000e+00
 3.6877141e-04]",1,39.1475,73.21557624482041,120,120,Ambipom
[0.99880487 0.         0.         ... 0.         0.         0.00208879],1,33.941875,67.87391924112708,120,120,Amoonguss
[0.9988744  0.         0.         ... 0.         0.         0.03142113],1,33.83909722222222,77.55073168769012,120,120,Ampharos
[0.9999718  0.         0.         ... 0.         0.         0.00117127],1,7.460208333333333,34.513563355761356,120,120,Anorith
"[9.994405e-01 0.000000e+00 0.000000e+00 ... 0.000000e+00 0.000000e+00
 8.182745e-05]",1,22.186527777777776,56.01359891083301,120,120,Arbok
"[9.9805510e-01 0.0000000e+00 0.0000000e+00 ... 0.0000000e+00 0.0000000e+00
 9.1455615e-04]",1,45.59034722222222,85.20194330492112,120,120,Arcanine
[0.9955951  0.         0.         ... 0.         0.         0.08280978],1,49.829930555555556,88.55918003262414,120,120,Arceus
[0.9999335  0.         0.         ... 0.         0.         0.00154537],1,14.80673611111111,46.61038208933387,120,120,Archen
[0.99907464 0.         0.         ... 0.         0.         0.00171188],1,40.03131944444444,72.0600284460668,120,120,Archeops
[0.99995524 0.         0.         ... 0.         0.         0.00122675],1,14.000763888888889,46.464108752823954,120,120,Ariados
[0.9994485  0.         0.         ... 0.         0.         0.00528279],1,34.292569444444446,66.65250704052207,120,120,Armaldo
[0.9991131 0.        0.        ... 0.        0.        0.0036537],1,32.592847222222225,68.09279711013652,120,120,Aromatisse
[0.9997941 0.        0.        ... 0.        0.        0.0143031],1,12.564444444444444,49.584483316885226,120,120,Aron
[0.9993734  0.         0.         ... 0.         0.         0.00379334],1,31.29659722222222,67.04283157951252,120,120,Articuno
"[9.9917936e-01 0.0000000e+00 0.0000000e+00 ... 0.0000000e+00 0.0000000e+00
 8.3936437e-05]",1,34.250347222222224,76.37093710700202,120,120,Audino
[0.99901414 0.         0.         ... 0.         0.         0.00485515],1,40.75930555555556,80.8167791266556,120,120,Aurorus
[0.99812627 0.         0.         ... 0.         0.         0.00550757],1,49.64756944444444,81.96467329101917,120,120,Avalugg
[0.99985564 0.         0.         ... 0.         0.         0.00230205],1,12.05263888888889,40.05829961488961,120,120,Axew
[0.99989754 0.         0.         ... 0.         0.         0.00197894],1,15.028472222222222,50.28603484511056,120,120,Azelf
[0.99896795 0.         0.         ... 0.         0.         0.00412087],1,26.290555555555557,57.22821171728176,120,120,Azumarill
"[9.9986178e-01 0.0000000e+00 0.0000000e+00 ... 0.0000000e+00 0.0000000e+00
 6.7381177e-04]",1,8.905208333333333,33.330128605711444,120,120,Azurill
[0.9998469  0.         0.         ... 0.         0.         0.00197854],1,14.187847222222222,47.822987319895454,120,120,Bagon
"[9.9991244e-01 0.0000000e+00 0.0000000e+00 ... 0.0000000e+00 0.0000000e+00
 7.4670483e-05]",1,12.532291666666667,47.36967427143232,120,120,Baltoy
"[9.983735e-01 0.000000e+00 0.000000e+00 ... 0.000000e+00 0.000000e+00
 2.382374e-04]",1,17.360069444444445,47.47060350593196,120,120,Banette
[0.99845725 0.         0.         ... 0.         0.         0.03941945],1,46.978680555555556,78.49360751348665,120,120,Barbaracle
[0.99995375 0.         0.         ... 0.         0.         0.0016568 ],1,12.932708333333334,46.836995552524,120,120,Barboach
[0.9996877  0.         0.         ... 0.         0.         0.00759653],1,18.15222222222222,53.58508701697968,120,120,Basculin
[0.9950552 0.        0.        ... 0.        0.        0.0061058],1,39.041875,68.52567835276493,120,120,Bastiodon
[0.9996449 0.        0.        ... 0.        0.        0.       ],1,22.312430555555554,62.74776743202511,120,120,Bayleef
[0.9841175 0.        0.        ... 0.        0.        0.0501905],1,70.93395833333334,105.62446916183998,120,120,Beartic
[0.99978   0.        0.        ... 0.        0.        0.0091257],1,17.734861111111112,52.17474757680129,120,120,Beautifly
[0.99668926 0.         0.         ... 0.         0.         0.07650046],1,41.8025,86.0605626183936,120,120,Beedrill
"[9.9958944e-01 0.0000000e+00 0.0000000e+00 ... 0.0000000e+00 0.0000000e+00
 8.0925308e-04]",1,21.123472222222222,55.64654355991839,120,120,Beheeyem
"[9.9993163e-01 0.0000000e+00 0.0000000e+00 ... 0.0000000e+00 0.0000000e+00
 7.3992276e-05]",1,6.729305555555555,28.574739759016605,120,120,Beldum
"[9.997809e-01 0.000000e+00 0.000000e+00 ... 0.000000e+00 0.000000e+00
 7.920311e-05]",1,18.58701388888889,52.47106145004359,120,120,Bellossom
"[9.9993664e-01 0.0000000e+00 0.0000000e+00 ... 0.0000000e+00 0.0000000e+00
 7.3850562e-05]",1,10.240972222222222,42.25607930160668,120,120,Bellsprout
[0.99974066 0.         0.         ... 0.         0.         0.00633138],1,20.54763888888889,62.586202397463495,120,120,Bergmite
[0.9987404  0.         0.         ... 0.         0.         0.00242068],1,23.409583333333334,56.04179013462236,120,120,Bibarel
[0.99966115 0.         0.         ... 0.         0.         0.00203247],1,14.680902777777778,44.621004916300876,120,120,Bidoof
[0.99966186 0.         0.         ... 0.         0.         0.0184971 ],1,24.55361111111111,62.07620574981375,120,120,Binacle
[0.9996052 0.        0.        ... 0.        0.        0.014348 ],1,22.991944444444446,57.176100451900375,120,120,Bisharp
[0.9977015  0.         0.         ... 0.         0.         0.02717052],1,52.36097222222222,85.47253281447468,120,120,Blastoise
[0.9992387  0.         0.         ... 0.         0.         0.00382783],1,33.83583333333333,71.58740476877045,120,120,Blaziken
[0.9950487 0.        0.        ... 0.        0.        0.0681478],1,50.90694444444444,92.93569136533321,120,120,Blissey
[0.999527   0.         0.         ... 0.         0.         0.01230427],1,13.937430555555556,46.23174611620798,120,120,Blitzle
"[9.9883533e-01 0.0000000e+00 0.0000000e+00 ... 0.0000000e+00 0.0000000e+00
 2.5655018e-04]",1,13.480833333333333,34.4633528286852,120,120,Boldore
"[9.998996e-01 0.000000e+00 0.000000e+00 ... 0.000000e+00 0.000000e+00
 3.025186e-04]",1,10.759097222222222,38.07448594190798,120,120,Bonsly
[0.99502736 0.         0.         ... 0.         0.         0.00479387],1,34.93944444444445,60.45050270650473,120,120,Bouffalant
[0.9996058 0.        0.        ... 0.        0.        0.0124408],1,26.79923611111111,64.91328114385313,120,120,Braixen
[0.9973036  0.         0.         ... 0.         0.         0.00794984],1,21.421319444444446,48.23692169827728,120,120,Braviary
"[9.997653e-01 0.000000e+00 0.000000e+00 ... 0.000000e+00 0.000000e+00
 7.259288e-04]",1,22.080625,58.34781807925105,120,120,Breloom
[0.9986809  0.         0.         ... 0.         0.         0.00336256],1,30.87840277777778,62.20777130984335,120,120,Bronzong
"[9.9987507e-01 0.0000000e+00 0.0000000e+00 ... 0.0000000e+00 0.0000000e+00
 1.5138154e-04]",1,9.125555555555556,33.08216307287429,120,120,Bronzor
"[9.999498e-01 0.000000e+00 0.000000e+00 ... 0.000000e+00 0.000000e+00
 7.413076e-05]",1,9.869722222222222,40.341316013494364,120,120,Budew
"[9.9985301e-01 0.0000000e+00 0.0000000e+00 ... 0.0000000e+00 0.0000000e+00
 3.1118985e-04]",1,17.288125,52.13498876406151,120,120,Buizel
"[9.997868e-01 0.000000e+00 0.000000e+00 ... 0.000000e+00 0.000000e+00
 3.855120e-04]",1,17.274791666666665,53.53736471003673,120,120,Bulbasaur
[0.99969995 0.         0.         ... 0.         0.         0.        ],1,17.905555555555555,53.78825999770067,120,120,Buneary
[0.9991583  0.         0.         ... 0.         0.         0.00240262],1,25.247916666666665,60.443768023527,120,120,Bunnelby
"[9.999483e-01 0.000000e+00 0.000000e+00 ... 0.000000e+00 0.000000e+00
 7.401542e-05]",1,6.360138888888889,26.866736868862766,120,120,Burmy
[0.9981474  0.         0.         ... 0.         0.         0.04695044],1,31.11451388888889,72.19788401340926,120,120,Butterfree
"[9.9985945e-01 0.0000000e+00 0.0000000e+00 ... 0.0000000e+00 0.0000000e+00
 4.7041138e-04]",1,16.746111111111112,50.434539381799866,120,120,Cacnea
"[9.9729997e-01 0.0000000e+00 0.0000000e+00 ... 0.0000000e+00 0.0000000e+00
 7.7537145e-04]",1,33.92347222222222,72.14205106862514,120,120,Cacturne
[0.99787724 0.         0.         ... 0.         0.         0.01453898],1,40.83680555555556,73.92254603311325,120,120,Camerupt
[0.9997504  0.         0.         ... 0.         0.         0.01266289],1,14.952291666666667,48.606932679099245,120,120,Carbink
[0.9997666 0.        0.        ... 0.        0.        0.0011501],1,26.10236111111111,63.99527387048584,120,120,Carnivine
"[9.9760425e-01 0.0000000e+00 0.0000000e+00 ... 0.0000000e+00 0.0000000e+00
 2.8595573e-04]",1,32.928472222222226,58.474741891970424,120,120,Carracosta
"[9.9997032e-01 0.0000000e+00 0.0000000e+00 ... 0.0000000e+00 0.0000000e+00
 4.5040325e-04]",1,10.763402777777777,39.922721281648805,120,120,Carvanha
[0.9994965  0.         0.         ... 0.         0.         0.02262663],1,20.55409722222222,63.74803475089769,120,120,Cascoon
[0.99977285 0.         0.         ... 0.         0.         0.0110217 ],1,13.377847222222222,51.198226649291435,120,120,Castform
"[9.9997127e-01 0.0000000e+00 0.0000000e+00 ... 0.0000000e+00 0.0000000e+00
 7.3646435e-05]",1,9.265555555555556,39.299019739290394,120,120,Caterpie
"[9.9989122e-01 0.0000000e+00 0.0000000e+00 ... 0.0000000e+00 0.0000000e+00
 9.0645126e-04]",1,15.846388888888889,55.581023322952085,120,120,Celebi
[0.99942476 0.         0.         ... 0.         0.         0.00610034],1,22.200972222222223,54.98043615838179,120,120,Chandelure
[0.99855536 0.         0.         ... 0.         0.         0.00574648],1,33.43263888888889,76.37544628880438,120,120,Chansey
[0.9967857  0.         0.         ... 0.         0.         0.00164374],1,45.81930555555556,77.4298732156034,120,120,Charizard
"[9.9981892e-01 0.0000000e+00 0.0000000e+00 ... 0.0000000e+00 0.0000000e+00
 2.3035533e-04]",1,17.415069444444445,55.14167997199638,120,120,Charmander
"[9.9975854e-01 0.0000000e+00 0.0000000e+00 ... 0.0000000e+00 0.0000000e+00
 5.5230921e-04]",1,20.214791666666667,56.75985881653744,120,120,Charmeleon
[0.9999211  0.         0.         ... 0.         0.         0.00603498],1,10.541319444444444,40.55979075435233,120,120,Chatot
"[9.9969971e-01 0.0000000e+00 0.0000000e+00 ... 0.0000000e+00 0.0000000e+00
 1.5257932e-04]",1,9.204027777777778,31.673727903935806,120,120,Cherrim
"[9.9989432e-01 0.0000000e+00 0.0000000e+00 ... 0.0000000e+00 0.0000000e+00
 7.4736105e-05]",1,8.883055555555556,34.00899499637677,120,120,Cherubi
[0.9977155  0.         0.         ... 0.         0.         0.02600429],1,57.10319444444445,85.94860893978688,120,120,Chesnaught
"[9.9987936e-01 0.0000000e+00 0.0000000e+00 ... 0.0000000e+00 0.0000000e+00
 9.3870697e-04]",1,17.51590277777778,52.03571580485735,120,120,Chespin
"[9.998392e-01 0.000000e+00 0.000000e+00 ... 0.000000e+00 0.000000e+00
 7.561936e-05]",1,15.749097222222222,54.89130831335376,120,120,Chikorita
"[9.9986839e-01 0.0000000e+00 0.0000000e+00 ... 0.0000000e+00 0.0000000e+00
 9.3300315e-04]",1,18.035625,55.22185477461134,120,120,Chimchar
[0.9998975  0.         0.         ... 0.         0.         0.00125319],1,10.649305555555555,44.222253536551946,120,120,Chimecho
"[9.998651e-01 0.000000e+00 0.000000e+00 ... 0.000000e+00 0.000000e+00
 6.959080e-04]",1,17.491944444444446,55.29194050770894,120,120,Chinchou
"[9.9992484e-01 0.0000000e+00 0.0000000e+00 ... 0.0000000e+00 0.0000000e+00
 8.8639272e-04]",1,10.81625,45.0834178969478,120,120,Chingling
[0.99763477 0.         0.         ... 0.         0.         0.04729311],1,40.028958333333335,83.56239972335669,120,120,Cinccino
"[9.9851215e-01 0.0000000e+00 0.0000000e+00 ... 0.0000000e+00 0.0000000e+00
 9.6049265e-04]",1,11.962916666666667,40.02658335189738,120,120,Clamperl
[0.99988616 0.         0.         ... 0.         0.         0.        ],1,13.623888888888889,48.651669337454265,120,120,Clauncher
[0.9982573  0.         0.         ... 0.         0.         0.00128641],1,32.46722222222222,61.61628038879511,120,120,Clawitzer
[0.99840885 0.         0.         ... 0.         0.         0.0211434 ],1,25.780555555555555,59.83879185614019,120,120,Claydol
[0.9975202 0.        0.        ... 0.        0.        0.0045824],1,37.852916666666665,81.73311517673272,120,120,Clefable
[0.99932945 0.         0.         ... 0.         0.         0.00147302],1,20.898541666666667,62.65249328270927,120,120,Clefairy
[0.9997526  0.         0.         ... 0.         0.         0.00265791],1,16.21611111111111,55.121058351281974,120,120,Cleffa
[0.9987402  0.         0.         ... 0.         0.         0.00415957],1,30.98784722222222,63.4601235648462,120,120,Cloyster
[0.99892086 0.         0.         ... 0.         0.         0.02245253],1,29.337430555555557,64.70131772707707,120,120,Cobalion
[0.995106   0.         0.         ... 0.         0.         0.00362346],1,35.41423611111111,60.029041629862846,120,120,Cofagrigus
[0.9998267  0.         0.         ... 0.         0.         0.00352916],1,16.939375,54.68300827545811,120,120,Combee
[0.99961805 0.         0.         ... 0.         0.         0.00169304],1,24.25951388888889,63.43777090615239,120,120,Combusken
"[9.8076385e-01 0.0000000e+00 0.0000000e+00 ... 0.0000000e+00 0.0000000e+00
 3.6893936e-04]",1,67.23284722222222,78.96061529827521,120,120,Conkeldurr
[0.99972314 0.         0.         ... 0.         0.         0.00196286],1,18.44354166666667,53.34973842704737,120,120,Corphish
[0.99873394 0.         0.         ... 0.         0.         0.        ],1,22.379791666666666,58.0274060725805,120,120,Corsola
[0.99991137 0.         0.         ... 0.         0.         0.00603401],1,15.494027777777777,54.32571104918213,120,120,Cottonee
[0.99960977 0.         0.         ... 0.         0.         0.00261678],1,30.631458333333335,68.87500410837606,120,120,Cradily
[0.9996766  0.         0.         ... 0.         0.         0.00102628],1,17.41236111111111,48.60637060992724,120,120,Cranidos
"[9.994854e-01 0.000000e+00 0.000000e+00 ... 0.000000e+00 0.000000e+00
 5.255378e-04]",1,25.811180555555556,57.21027588346209,120,120,Crawdaunt
[0.99929535 0.         0.         ... 0.         0.         0.02097597],1,33.95979166666667,76.48533797373585,120,120,Cresselia
"[9.998717e-01 0.000000e+00 0.000000e+00 ... 0.000000e+00 0.000000e+00
 7.790196e-05]",1,12.912569444444445,40.487565756636386,120,120,Croagunk
[0.99928856 0.         0.         ... 0.         0.         0.0013505 ],1,24.375069444444446,54.867515466507136,120,120,Crobat
"[9.9962068e-01 0.0000000e+00 0.0000000e+00 ... 0.0000000e+00 0.0000000e+00
 3.2571543e-04]",1,26.115902777777777,65.03170036726101,120,120,Croconaw
"[9.8838830e-01 0.0000000e+00 0.0000000e+00 ... 0.0000000e+00 0.0000000e+00
 5.3910125e-04]",1,41.215694444444445,59.58925498141397,120,120,Crustle
[0.99902034 0.         0.         ... 0.         0.         0.01046294],3,39.56513888888889,72.05141822362877,120,120,Cryogonal
[0.9997664  0.         0.         ... 0.         0.         0.01013931],1,20.382569444444446,61.80505048634923,120,120,Cubchoo
[0.99986166 0.         0.         ... 0.         0.         0.00384649],1,14.957430555555556,52.94107239351818,120,120,Cubone
"[9.9982470e-01 0.0000000e+00 0.0000000e+00 ... 0.0000000e+00 0.0000000e+00
 7.5112664e-05]",1,12.813958333333334,48.64377643358384,120,120,Cyndaquil
[0.9929102  0.         0.         ... 0.         0.         0.03270718],1,29.515416666666667,59.18549264899437,120,120,Darkrai
[0.9960714  0.         0.         ... 0.         0.         0.01154725],1,35.92701388888889,63.19164319947541,120,120,Darmanitan
[0.9997367  0.         0.         ... 0.         0.         0.00184142],1,12.34763888888889,41.13458746714036,120,120,Darumaka
"[9.9986935e-01 0.0000000e+00 0.0000000e+00 ... 0.0000000e+00 0.0000000e+00
 8.4728160e-04]",1,14.832638888888889,49.578175263725775,120,120,Dedenne
"[9.9992424e-01 0.0000000e+00 0.0000000e+00 ... 0.0000000e+00 0.0000000e+00
 5.3966610e-04]",1,17.467916666666667,54.69296571258045,120,120,Deerling
"[9.9965227e-01 0.0000000e+00 0.0000000e+00 ... 0.0000000e+00 0.0000000e+00
 5.4613018e-04]",1,11.968541666666667,36.3631402481496,120,120,Deino
"[9.9948382e-01 0.0000000e+00 0.0000000e+00 ... 0.0000000e+00 0.0000000e+00
 2.4363789e-04]",1,23.37763888888889,59.764854266837006,120,120,Delcatty
[0.99932766 0.         0.         ... 0.         0.         0.03014968],1,24.05152777777778,63.92542734745529,120,120,Delibird
[0.98861146 0.         0.         ... 0.         0.         0.00807277],1,40.65291666666667,65.05309865233811,120,120,Delphox
[0.9996246 0.        0.        ... 0.        0.        0.       ],1,24.67652777777778,58.31453343863684,120,120,Deoxys
[0.9990245  0.         0.         ... 0.         0.         0.03316619],1,23.598263888888887,69.43410393065201,120,120,Dewgong
"[9.9982345e-01 0.0000000e+00 0.0000000e+00 ... 0.0000000e+00 0.0000000e+00
 4.7128135e-04]",1,17.372430555555557,52.260000142802646,120,120,Dewott
[0.9977116  0.         0.         ... 0.         0.         0.04267072],1,47.03402777777778,79.20661418719543,120,120,Dialga
[0.9996808  0.         0.         ... 0.         0.         0.01574365],1,23.602291666666666,60.934839585444216,120,120,Diancie
[0.9960157  0.         0.         ... 0.         0.         0.00507359],1,42.91555555555556,70.64364272901484,120,120,Diggersby
"[9.9993324e-01 0.0000000e+00 0.0000000e+00 ... 0.0000000e+00 0.0000000e+00
 7.3687050e-05]",1,8.987083333333333,37.4025025134794,120,120,Diglett
"[9.9941677e-01 0.0000000e+00 0.0000000e+00 ... 0.0000000e+00 0.0000000e+00
 7.5257289e-05]",1,15.065208333333333,52.647816886109,120,120,Ditto
"[9.9981862e-01 0.0000000e+00 0.0000000e+00 ... 0.0000000e+00 0.0000000e+00
 6.3850475e-04]",1,18.923194444444444,53.37462532593942,120,120,Dodrio
"[9.9988973e-01 0.0000000e+00 0.0000000e+00 ... 0.0000000e+00 0.0000000e+00
 5.2609952e-04]",1,12.413402777777778,45.1746610493217,120,120,Doduo
[0.9982677  0.         0.         ... 0.         0.         0.00668197],1,37.95847222222222,72.33580408913315,120,120,Donphan
[0.9995614 0.        0.        ... 0.        0.        0.0056492],1,32.615972222222226,69.17310528585598,120,120,Doublade
"[9.9965209e-01 0.0000000e+00 0.0000000e+00 ... 0.0000000e+00 0.0000000e+00
 8.3976146e-04]",1,23.069861111111113,53.82271161964827,120,120,Dragalge
[0.9994525 0.        0.        ... 0.        0.        0.0284028],1,20.087152777777778,60.909951535524904,120,120,Dragonair
[0.998856   0.         0.         ... 0.         0.         0.00128973],1,35.697291666666665,75.82440217296245,120,120,Dragonite
[0.9977351  0.         0.         ... 0.         0.         0.02518555],1,41.63,69.01070198808942,120,120,Drapion
[0.9997094  0.         0.         ... 0.         0.         0.02211513],1,16.016666666666666,56.00884106797585,120,120,Dratini
[0.9994488  0.         0.         ... 0.         0.         0.00797343],1,27.536527777777778,63.19767531896605,120,120,Drifblim
[0.99993616 0.         0.         ... 0.         0.         0.00482129],1,10.177777777777777,41.23138375282643,120,120,Drifloon
[0.99970263 0.         0.         ... 0.         0.         0.01349465],1,16.118194444444445,49.89955941762716,120,120,Drilbur
"[9.9923491e-01 0.0000000e+00 0.0000000e+00 ... 0.0000000e+00 0.0000000e+00
 3.1794922e-04]",1,20.505277777777778,58.55755810340754,120,120,Drowzee
[0.9953536  0.         0.         ... 0.         0.         0.01012258],1,32.99993055555556,56.28177189123846,120,120,Druddigon
"[9.998192e-01 0.000000e+00 0.000000e+00 ... 0.000000e+00 0.000000e+00
 3.829258e-04]",1,16.92451388888889,54.568279696809675,120,120,Ducklett
"[9.9957466e-01 0.0000000e+00 0.0000000e+00 ... 0.0000000e+00 0.0000000e+00
 9.5107011e-04]",1,19.829305555555557,54.27488704185975,120,120,Dugtrio
[0.9998117  0.         0.         ... 0.         0.         0.00378629],1,17.86798611111111,56.21984008831191,120,120,Dunsparce
[0.9996622 0.        0.        ... 0.        0.        0.       ],1,26.54388888888889,69.58937112638273,120,120,Duosion
[0.999865   0.         0.         ... 0.         0.         0.00554932],1,11.706458333333334,42.774255788849565,120,120,Durant
[0.9976765  0.         0.         ... 0.         0.         0.00613599],1,34.64805555555556,67.81758127176514,120,120,Dusclops
[0.9973754  0.         0.         ... 0.         0.         0.00118336],1,39.41027777777778,68.32161082321169,120,120,Dusknoir
[0.9998055  0.         0.         ... 0.         0.         0.00577344],1,14.700694444444444,49.36636984567499,120,120,Duskull
"[9.9957895e-01 0.0000000e+00 0.0000000e+00 ... 0.0000000e+00 0.0000000e+00
 1.6956386e-04]",1,26.865347222222223,59.88901303676931,120,120,Dustox
"[9.997987e-01 0.000000e+00 0.000000e+00 ... 0.000000e+00 0.000000e+00
 3.890873e-04]",1,12.399791666666667,39.047057969425914,120,120,Dwebble
[0.9998936  0.         0.         ... 0.         0.         0.00123874],1,14.342430555555556,46.71482372013739,120,120,Eelektrik
[0.9993062  0.         0.         ... 0.         0.         0.00578191],1,24.53048611111111,55.183158799052755,120,120,Eelektross
"[9.998850e-01 0.000000e+00 0.000000e+00 ... 0.000000e+00 0.000000e+00
 7.647889e-05]",1,13.39236111111111,46.07478006799428,120,120,Eevee
[0.999789 0.       0.       ... 0.       0.       0.      ],1,11.286875,41.7898977021552,120,120,Ekans
"[9.993333e-01 0.000000e+00 0.000000e+00 ... 0.000000e+00 0.000000e+00
 7.564976e-04]",1,27.267569444444444,66.67612019167449,120,120,Electabuzz
[0.99702823 0.         0.         ... 0.         0.         0.0028882 ],1,46.72756944444444,81.9238104103316,120,120,Electivire
"[9.9973333e-01 0.0000000e+00 0.0000000e+00 ... 0.0000000e+00 0.0000000e+00
 2.3047722e-04]",1,16.97111111111111,53.374285047398885,120,120,Electrike
[0.9973081  0.         0.         ... 0.         0.         0.03150973],1,34.05597222222222,79.19120623458211,120,120,Electrode
[0.9997464 0.        0.        ... 0.        0.        0.       ],1,17.320555555555554,55.58732639052641,120,120,Elekid
"[9.9982119e-01 0.0000000e+00 0.0000000e+00 ... 0.0000000e+00 0.0000000e+00
 7.6514974e-05]",1,16.10965277777778,53.115376159843386,120,120,Elgyem
[0.996405   0.         0.         ... 0.         0.         0.01658634],1,43.519305555555555,70.4336530957087,120,120,Emboar
[0.9994828  0.         0.         ... 0.         0.         0.02210823],1,18.860208333333333,56.537505741871506,120,120,Emolga
[0.9973347  0.         0.         ... 0.         0.         0.03861373],1,29.691666666666666,65.1553011188567,120,120,Empoleon
[0.99877816 0.         0.         ... 0.         0.         0.00277233],1,32.14694444444444,62.95943417610019,120,120,Entei
[0.99836063 0.         0.         ... 0.         0.         0.00168882],1,36.34888888888889,72.42838665336869,120,120,Escavalier
"[9.996671e-01 0.000000e+00 0.000000e+00 ... 0.000000e+00 0.000000e+00
 6.289192e-04]",1,20.733333333333334,59.68411174210808,120,120,Espeon
[0.99951226 0.         0.         ... 0.         0.         0.00178873],1,17.930069444444445,53.04290361213542,120,120,Espurr
[0.9986149 0.        0.        ... 0.        0.        0.005309 ],1,22.75722222222222,52.29784309399337,120,120,Excadrill
[0.9994792  0.         0.         ... 0.         0.         0.01034641],1,22.22875,65.44891057656898,120,120,Exeggcute
[0.99938476 0.         0.         ... 0.         0.         0.00215772],1,38.25145833333333,74.56463847141796,120,120,Exeggutor
[0.99687165 0.         0.         ... 0.         0.         0.00523367],1,42.81201388888889,73.97476583718581,120,120,Exploud
[0.99989223 0.         0.         ... 0.         0.         0.00151925],1,15.124305555555555,51.14383549598102,120,120,Farfetchd
"[9.9897206e-01 0.0000000e+00 0.0000000e+00 ... 0.0000000e+00 0.0000000e+00
 9.6893508e-04]",1,31.77715277777778,63.79444522756919,120,120,Fearow
[0.99996483 0.         0.         ... 0.         0.         0.001176  ],1,9.592986111111111,41.32100579910667,120,120,Feebas
[0.9998006  0.         0.         ... 0.         0.         0.00467889],1,19.213055555555556,57.35027992373051,120,120,Fennekin
[0.99718046 0.         0.         ... 0.         0.         0.00202941],1,44.08986111111111,78.8837434490546,120,120,Feraligatr
[0.9998072  0.         0.         ... 0.         0.         0.01268892],1,17.924166666666668,53.33466742472063,120,120,Ferroseed
[0.9989063  0.         0.         ... 0.         0.         0.02958967],1,38.70520833333333,73.46172265265419,120,120,Ferrothorn
"[9.9994838e-01 0.0000000e+00 0.0000000e+00 ... 0.0000000e+00 0.0000000e+00
 3.7178333e-04]",1,9.446527777777778,38.86888825339341,120,120,Finneon
[0.99945056 0.         0.         ... 0.         0.         0.00430351],1,25.214305555555555,67.58222186357702,120,120,Flaaffy
[0.99989855 0.         0.         ... 0.         0.         0.00911386],1,16.32673611111111,51.81503542690552,120,120,Flabebe
"[9.9846238e-01 0.0000000e+00 0.0000000e+00 ... 0.0000000e+00 0.0000000e+00
 1.6897316e-04]",1,33.06875,75.56467517662344,120,120,Flareon
"[9.9990433e-01 0.0000000e+00 0.0000000e+00 ... 0.0000000e+00 0.0000000e+00
 6.1504188e-04]",1,12.957777777777778,43.27004378904848,120,120,Fletchinder
[0.9999507  0.         0.         ... 0.         0.         0.00155088],1,8.637361111111112,37.59827151364864,120,120,Fletchling
"[9.9912977e-01 0.0000000e+00 0.0000000e+00 ... 0.0000000e+00 0.0000000e+00
 4.3338674e-04]",1,34.63041666666667,72.88026285432345,120,120,Floatzel
[0.99990207 0.         0.         ... 0.         0.         0.00932471],1,16.128125,52.34418319679781,120,120,Floette
[0.99960333 0.         0.         ... 0.         0.         0.0073584 ],1,29.310416666666665,60.94131195342094,120,120,Florges
[0.99928874 0.         0.         ... 0.         0.         0.01081444],2,33.924930555555555,71.12551691372919,120,120,Flygon
[0.9995343  0.         0.         ... 0.         0.         0.02903869],1,15.317569444444445,55.63932509358985,120,120,Foongus
[0.99869555 0.         0.         ... 0.         0.         0.00232754],1,35.15506944444444,73.02178172466883,120,120,Forretress
[0.99915504 0.         0.         ... 0.         0.         0.00747714],1,24.381458333333335,52.71173154353506,120,120,Fraxure
[0.9997018  0.         0.         ... 0.         0.         0.00152528],1,25.9925,67.34366525001113,120,120,Frillish
[0.9998765  0.         0.         ... 0.         0.         0.00466252],1,18.667430555555555,56.51028318720368,120,120,Froakie
[0.99989307 0.         0.         ... 0.         0.         0.00707027],1,17.93263888888889,53.28975085149153,120,120,Frogadier
[0.99918485 0.         0.         ... 0.         0.         0.0374794 ],1,24.55013888888889,67.33459662579473,120,120,Froslass
[0.9988602  0.         0.         ... 0.         0.         0.02264669],1,33.66506944444444,79.07075665272255,120,120,Furfrou
"[9.9887323e-01 0.0000000e+00 0.0000000e+00 ... 0.0000000e+00 0.0000000e+00
 5.0077203e-04]",1,30.30548611111111,71.1069700671095,120,120,Furret
[0.99962854 0.         0.         ... 0.         0.         0.00359667],1,18.648958333333333,47.39088233069308,120,120,Gabite
[0.9993355  0.         0.         ... 0.         0.         0.03337663],1,20.368402777777778,60.421092150138655,120,120,Gallade
"[9.994609e-01 0.000000e+00 0.000000e+00 ... 0.000000e+00 0.000000e+00
 3.261682e-04]",1,25.859583333333333,65.85712759741305,120,120,Galvantula
[0.9961689  0.         0.         ... 0.         0.         0.00392477],1,47.291041666666665,71.85246711741618,120,120,Garbodor
[0.99569696 0.         0.         ... 0.         0.         0.01271801],1,36.57458333333334,59.8248565823953,120,120,Garchomp
[0.9964228  0.         0.         ... 0.         0.         0.08251431],1,35.55708333333333,81.29662896075054,120,120,Gardevoir
[0.999798   0.         0.         ... 0.         0.         0.00115423],2,10.618472222222222,37.428409336273866,120,120,Gastly
"[9.9932903e-01 0.0000000e+00 0.0000000e+00 ... 0.0000000e+00 0.0000000e+00
 5.8347679e-04]",1,25.01909722222222,58.407128172914085,120,120,Gastrodon
[0.99955744 0.         0.         ... 0.         0.         0.00301201],1,27.659166666666668,61.64165663444559,120,120,Genesect
[0.9974414  0.         0.         ... 0.         0.         0.01033994],1,32.676458333333336,62.465230116983555,120,120,Gengar
"[9.9989897e-01 0.0000000e+00 0.0000000e+00 ... 0.0000000e+00 0.0000000e+00
 5.9402880e-04]",1,10.970138888888888,43.06158635518616,120,120,Geodude
"[9.9968243e-01 0.0000000e+00 0.0000000e+00 ... 0.0000000e+00 0.0000000e+00
 3.9463225e-04]",1,15.29513888888889,43.8226124878297,120,120,Gible
[0.997164 0.       0.       ... 0.       0.       0.      ],1,27.499444444444446,47.874649690882244,120,120,Gigalith
[0.9996341  0.         0.         ... 0.         0.         0.00674838],1,18.05097222222222,53.78406839337902,120,120,Girafarig
[0.99371475 0.         0.         ... 0.         0.         0.00649644],1,59.00284722222222,81.95336109441213,120,120,Giratina
[0.9997546  0.         0.         ... 0.         0.         0.00278616],1,20.72854166666667,58.50953262157788,120,120,Glaceon
[0.9991172  0.         0.         ... 0.         0.         0.01145195],1,31.790625,70.78911253699992,120,120,Glalie
[0.99971056 0.         0.         ... 0.         0.         0.00673766],1,18.714166666666667,52.78120424476669,120,120,Glameow
[0.9994304  0.         0.         ... 0.         0.         0.00115474],1,24.460416666666667,59.04043543617421,120,120,Gligar
"[9.984486e-01 0.000000e+00 0.000000e+00 ... 0.000000e+00 0.000000e+00
 3.682274e-04]",1,33.90173611111111,65.06053482281223,120,120,Gliscor
"[9.9979663e-01 0.0000000e+00 0.0000000e+00 ... 0.0000000e+00 0.0000000e+00
 7.9079065e-04]",1,15.015972222222222,42.482213865194424,120,120,Gloom
[0.9996213  0.         0.         ... 0.         0.         0.00730969],1,26.61638888888889,60.04558623120242,120,120,Gogoat
"[9.9976236e-01 0.0000000e+00 0.0000000e+00 ... 0.0000000e+00 0.0000000e+00
 4.6907837e-04]",1,11.913402777777778,37.46898255489307,120,120,Golbat
[0.999874   0.         0.         ... 0.         0.         0.01129759],1,11.628055555555555,47.65484983593803,120,120,Goldeen
[0.9996591  0.         0.         ... 0.         0.         0.00202066],1,23.364652777777778,59.84357282872751,120,120,Golduck
[0.99783367 0.         0.         ... 0.         0.         0.00445546],1,36.608472222222225,63.77226657236675,120,120,Golem
[0.99980116 0.         0.         ... 0.         0.         0.        ],1,21.79486111111111,53.59702133341034,120,120,Golett
"[9.9598259e-01 0.0000000e+00 0.0000000e+00 ... 0.0000000e+00 0.0000000e+00
 1.2228148e-04]",1,63.953541666666666,78.15610621599241,120,120,Golurk
[0.99897003 0.         0.         ... 0.         0.         0.00999315],1,37.007847222222225,77.36985672784829,120,120,Goodra
[0.9998261 0.        0.        ... 0.        0.        0.0024154],1,15.602569444444445,53.77085803624033,120,120,Goomy
[0.9998264  0.         0.         ... 0.         0.         0.00380886],1,17.192708333333332,56.43743108422948,120,120,Gorebyss
[0.99986327 0.         0.         ... 0.         0.         0.00859721],1,14.196111111111112,49.961189230451545,120,120,Gothita
[0.99400425 0.         0.         ... 0.         0.         0.02676478],1,22.096875,54.79187760376063,120,120,Gothitelle
[0.9974507  0.         0.         ... 0.         0.         0.02274237],1,17.035138888888888,51.155987091038405,120,120,Gothorita
"[9.9959975e-01 0.0000000e+00 0.0000000e+00 ... 0.0000000e+00 0.0000000e+00
 3.2554951e-04]",1,21.631944444444443,57.23980337722676,120,120,Gourgeist
"[9.973369e-01 0.000000e+00 0.000000e+00 ... 0.000000e+00 0.000000e+00
 7.095327e-04]",1,40.53944444444444,79.79906954151382,120,120,Granbull
"[9.973359e-01 0.000000e+00 0.000000e+00 ... 0.000000e+00 0.000000e+00
 7.032159e-04]",1,37.03548611111111,73.29883794108673,120,120,Graveler
[0.9995493  0.         0.         ... 0.         0.         0.00546622],1,26.107152777777777,61.58851560472395,120,120,Greninja
"[9.997600e-01 0.000000e+00 0.000000e+00 ... 0.000000e+00 0.000000e+00
 7.793576e-04]",1,15.245416666666667,46.04876543879869,120,120,Grimer
[0.9994843  0.         0.         ... 0.         0.         0.00104149],1,27.376041666666666,58.77383956885011,120,120,Grotle
[0.9976531  0.         0.         ... 0.         0.         0.03520039],1,38.40694444444444,65.15616886115681,120,120,Groudon
"[9.9983323e-01 0.0000000e+00 0.0000000e+00 ... 0.0000000e+00 0.0000000e+00
 5.5843237e-04]",1,18.66777777777778,51.56010425335934,120,120,Grovyle
"[9.9975652e-01 0.0000000e+00 0.0000000e+00 ... 0.0000000e+00 0.0000000e+00
 2.3358797e-04]",1,19.402569444444445,58.60397888044955,120,120,Growlithe
[0.9984243  0.         0.         ... 0.         0.         0.00110917],1,24.989652777777778,57.089466494281226,120,120,Grumpig
[0.9997076 0.        0.        ... 0.        0.        0.       ],1,14.616111111111111,48.847876007377224,120,120,Gulpin
"[9.991222e-01 0.000000e+00 0.000000e+00 ... 0.000000e+00 0.000000e+00
 8.837879e-05]",1,29.668333333333333,64.56016894253678,120,120,Gurdurr
[0.999546   0.         0.         ... 0.         0.         0.00428165],1,31.575347222222224,66.88316629696304,120,120,Gyarados
[0.9998444  0.         0.         ... 0.         0.         0.01082213],1,14.136111111111111,51.0484201125525,120,120,Happiny
[0.99321413 0.         0.         ... 0.         0.         0.00790094],1,58.751041666666666,85.1290664244817,120,120,Hariyama
[0.9990172  0.         0.         ... 0.         0.         0.00394187],2,22.677847222222223,55.1100354677298,120,120,Haunter
[0.99959147 0.         0.         ... 0.         0.         0.02210522],1,25.80097222222222,61.81097056662447,120,120,Hawlucha
[0.998005   0.         0.         ... 0.         0.         0.00108629],1,34.167430555555555,58.29670595618932,120,120,Haxorus
"[9.9928653e-01 0.0000000e+00 0.0000000e+00 ... 0.0000000e+00 0.0000000e+00
 2.6299321e-04]",1,26.066388888888888,54.61338392396632,120,120,Heatmor
[0.9981771  0.         0.         ... 0.         0.         0.01065055],1,38.38465277777778,72.1609170189676,120,120,Heatran
"[9.998526e-01 0.000000e+00 0.000000e+00 ... 0.000000e+00 0.000000e+00
 6.268177e-04]",1,17.365972222222222,52.345479831376146,120,120,Heliolisk
[0.9998159  0.         0.         ... 0.         0.         0.00318635],1,16.875902777777778,52.71072605785376,120,120,Helioptile
[0.99917257 0.         0.         ... 0.         0.         0.00151863],1,23.53298611111111,53.84064342240624,120,120,Heracross
"[9.9957639e-01 0.0000000e+00 0.0000000e+00 ... 0.0000000e+00 0.0000000e+00
 4.8930885e-04]",1,21.024930555555557,56.06955628820589,120,120,Herdier
[0.99944156 0.         0.         ... 0.         0.         0.00143609],1,20.749861111111112,58.31400453562343,120,120,Hippopotas
[0.99736875 0.         0.         ... 0.         0.         0.00236322],1,29.639444444444443,58.626494292467214,120,120,Hippowdon
"[9.9990165e-01 0.0000000e+00 0.0000000e+00 ... 0.0000000e+00 0.0000000e+00
 7.0113869e-04]",1,17.581319444444443,53.23024331913787,120,120,Hitmonchan
[0.9997451 0.        0.        ... 0.        0.        0.0032121],1,18.879305555555554,54.85211319302082,120,120,Hitmonlee
[0.9996295  0.         0.         ... 0.         0.         0.00103506],1,19.649097222222224,53.59837780522521,120,120,Hitmontop
[0.998366  0.        0.        ... 0.        0.        0.0098984],1,40.52784722222222,70.41122801150233,120,120,Ho
[0.99832004 0.         0.         ... 0.         0.         0.02133853],1,20.49888888888889,53.084691232123376,120,120,Honchkrow
"[9.998426e-01 0.000000e+00 0.000000e+00 ... 0.000000e+00 0.000000e+00
 1.606689e-04]",1,19.483888888888888,53.14603848923046,120,120,Honedge
[0.9998494  0.         0.         ... 0.         0.         0.00325843],1,24.421944444444446,61.12096854778347,120,120,Hoopa
[0.9998592 0.        0.        ... 0.        0.        0.0016268],1,15.95875,51.4699113138902,120,120,Hoothoot
"[9.9989074e-01 0.0000000e+00 0.0000000e+00 ... 0.0000000e+00 0.0000000e+00
 4.4898549e-04]",1,11.062291666666667,41.89885566288625,120,120,Hoppip
"[9.9994844e-01 0.0000000e+00 0.0000000e+00 ... 0.0000000e+00 0.0000000e+00
 2.9397279e-04]",1,10.213888888888889,43.54273860101754,120,120,Horsea
[0.99932325 0.         0.         ... 0.         0.         0.00746621],1,18.26527777777778,50.042916747422964,120,120,Houndoom
[0.9996975 0.        0.        ... 0.        0.        0.005075 ],1,10.545972222222222,37.64381272606143,120,120,Houndour
[0.9999104  0.         0.         ... 0.         0.         0.00208154],1,17.20173611111111,53.72880522470984,120,120,Huntail
[0.9991134  0.         0.         ... 0.         0.         0.00267513],1,26.30291666666667,51.32121385443894,120,120,Hydreigon
[0.9986163  0.         0.         ... 0.         0.         0.01527217],1,33.65493055555555,76.56800642327099,120,120,Hypno
[0.9998448  0.         0.         ... 0.         0.         0.00447625],1,13.883541666666666,52.24813107992941,120,120,Igglybuff
[0.9998438  0.         0.         ... 0.         0.         0.00174285],1,17.66861111111111,51.77757894498661,120,120,Illumise
[0.9995661  0.         0.         ... 0.         0.         0.02002921],1,35.19020833333333,70.10318189965842,120,120,Infernape
[0.99988365 0.         0.         ... 0.         0.         0.0106306 ],1,15.540625,52.99078944756382,120,120,Inkay
"[9.9962723e-01 0.0000000e+00 0.0000000e+00 ... 0.0000000e+00 0.0000000e+00
 5.6764751e-04]",1,22.09840277777778,56.74059856246371,120,120,Ivysaur
[0.9967046  0.         0.         ... 0.         0.         0.00956003],1,55.25895833333333,93.03400563487787,120,120,Jellicent
[0.9996925  0.         0.         ... 0.         0.         0.00591989],1,19.224097222222223,61.14789325789923,120,120,Jigglypuff
[0.9996363  0.         0.         ... 0.         0.         0.01051753],2,23.33673611111111,66.40859118963054,120,120,Jirachi
[0.9998262  0.         0.         ... 0.         0.         0.00970628],1,21.930972222222223,62.96454325561424,120,120,Jolteon
"[9.9990517e-01 0.0000000e+00 0.0000000e+00 ... 0.0000000e+00 0.0000000e+00
 7.3701274e-05]",1,10.931111111111111,45.89317280246097,120,120,Joltik
[0.99909055 0.         0.         ... 0.         0.         0.00101913],1,33.202847222222225,74.1359892000579,120,120,Jumpluff
[0.99847317 0.         0.         ... 0.         0.         0.00951426],1,33.450625,69.17115492183491,120,120,Jynx
[0.99983037 0.         0.         ... 0.         0.         0.        ],1,10.465486111111112,40.03195845421958,120,120,Kabuto
[0.99975276 0.         0.         ... 0.         0.         0.00302064],1,19.387013888888887,53.93211922536233,120,120,Kabutops
"[9.994969e-01 0.000000e+00 0.000000e+00 ... 0.000000e+00 0.000000e+00
 5.884338e-04]",1,28.879930555555557,66.91191629046239,120,120,Kadabra
"[9.998622e-01 0.000000e+00 0.000000e+00 ... 0.000000e+00 0.000000e+00
 7.567261e-05]",1,14.636458333333334,51.01928411243621,120,120,Kakuna
[0.996523   0.         0.         ... 0.         0.         0.00541116],1,44.694722222222225,76.30747742543944,120,120,Kangaskhan
"[9.9988908e-01 0.0000000e+00 0.0000000e+00 ... 0.0000000e+00 0.0000000e+00
 1.5508167e-04]",1,12.857083333333334,40.960906054754076,120,120,Karrablast
"[9.9978322e-01 0.0000000e+00 0.0000000e+00 ... 0.0000000e+00 0.0000000e+00
 2.3811922e-04]",1,21.598055555555554,59.04698784863554,120,120,Kecleon
"[9.9970770e-01 0.0000000e+00 0.0000000e+00 ... 0.0000000e+00 0.0000000e+00
 4.8921345e-04]",1,24.725347222222222,62.87004494958446,120,120,Keldeo
[0.9998312  0.         0.         ... 0.         0.         0.00218799],1,17.778333333333332,51.85085210378792,120,120,Kingdra
[0.99924755 0.         0.         ... 0.         0.         0.01397782],1,28.33965277777778,66.7025443866815,120,120,Kingler
[0.9998828  0.         0.         ... 0.         0.         0.00930762],1,15.614722222222222,51.74946489181802,120,120,Kirlia
[0.99877375 0.         0.         ... 0.         0.         0.03587311],1,33.95666666666666,73.21839238424548,120,120,Klang
[0.9998699  0.         0.         ... 0.         0.         0.00344624],1,15.389513888888889,50.678033412880474,120,120,Klefki
[0.9994935  0.         0.         ... 0.         0.         0.02267512],1,23.548958333333335,61.558078653626296,120,120,Klink
[0.99866253 0.         0.         ... 0.         0.         0.03895524],1,39.157916666666665,79.4553853226503,120,120,Klinklang
"[9.9991059e-01 0.0000000e+00 0.0000000e+00 ... 0.0000000e+00 0.0000000e+00
 6.7359244e-04]",1,11.465208333333333,42.37522088550673,120,120,Koffing
[0.9999195  0.         0.         ... 0.         0.         0.00495047],1,15.158333333333333,50.87632130416314,120,120,Krabby
"[9.998981e-01 0.000000e+00 0.000000e+00 ... 0.000000e+00 0.000000e+00
 4.641693e-04]",1,13.560347222222223,45.17110645327132,120,120,Kricketot
"[9.998013e-01 0.000000e+00 0.000000e+00 ... 0.000000e+00 0.000000e+00
 3.216605e-04]",1,16.455208333333335,45.35761230164786,120,120,Kricketune
"[9.9978930e-01 0.0000000e+00 0.0000000e+00 ... 0.0000000e+00 0.0000000e+00
 3.9988372e-04]",1,17.295347222222222,49.11184152881726,120,120,Krokorok
[0.99838233 0.         0.         ... 0.         0.         0.00185229],1,32.91034722222222,62.74825653745726,120,120,Krookodile
[0.9992545  0.         0.         ... 0.         0.         0.00520267],1,24.715,58.61563734761115,120,120,Kyogre
[0.99910295 0.         0.         ... 0.         0.         0.00921894],1,37.886805555555554,76.15285683206122,120,120,Kyurem
[0.99854887 0.         0.         ... 0.         0.         0.04249144],1,24.622430555555557,65.2216701776263,120,120,Lairon
[0.99977785 0.         0.         ... 0.         0.         0.00194782],1,11.649375,39.55851036964019,120,120,Lampent
[0.9985625  0.         0.         ... 0.         0.         0.01308994],1,39.25541666666667,75.55697747832244,120,120,Landorus
[0.9997859  0.         0.         ... 0.         0.         0.00651171],1,21.726805555555554,60.07611332778863,120,120,Lanturn
[0.9991846  0.         0.         ... 0.         0.         0.00853856],1,36.078402777777775,75.75414110575807,120,120,Lapras
[0.9989744 0.        0.        ... 0.        0.        0.0376193],1,26.62736111111111,70.50564418882158,120,120,Larvesta
"[9.9985337e-01 0.0000000e+00 0.0000000e+00 ... 0.0000000e+00 0.0000000e+00
 6.0809084e-04]",1,14.037291666666667,48.119835202202765,120,120,Larvitar
[0.9997836  0.         0.         ... 0.         0.         0.00675423],1,17.811180555555556,52.30311866626502,120,120,Latias
[0.9993732  0.         0.         ... 0.         0.         0.00506117],1,21.910763888888887,53.74468212168455,120,120,Latios
"[9.9981815e-01 0.0000000e+00 0.0000000e+00 ... 0.0000000e+00 0.0000000e+00
 7.8515637e-05]",1,20.767569444444444,59.68471040888445,120,120,Leafeon
"[9.9987704e-01 0.0000000e+00 0.0000000e+00 ... 0.0000000e+00 0.0000000e+00
 1.5908942e-04]",1,18.302430555555556,51.02630987684642,120,120,Leavanny
[0.999906   0.         0.         ... 0.         0.         0.00713941],1,15.157916666666667,49.39803674791753,120,120,Ledian
[0.99991655 0.         0.         ... 0.         0.         0.00609141],1,16.81972222222222,53.8738869431869,120,120,Ledyba
[0.99884695 0.         0.         ... 0.         0.         0.00970002],1,31.53534722222222,68.42566932662116,120,120,Lickilicky
"[9.9960107e-01 0.0000000e+00 0.0000000e+00 ... 0.0000000e+00 0.0000000e+00
 3.9907420e-04]",1,25.27166666666667,66.76073948145805,120,120,Lickitung
"[9.9969786e-01 0.0000000e+00 0.0000000e+00 ... 0.0000000e+00 0.0000000e+00
 3.2352682e-04]",1,18.383819444444445,49.72399350269736,120,120,Liepard
[0.9998935  0.         0.         ... 0.         0.         0.00101385],1,17.236666666666668,52.52407347535456,120,120,Lileep
[0.9991526  0.         0.         ... 0.         0.         0.00461281],1,33.09777777777778,69.48274382540008,120,120,Lilligant
[0.99981433 0.         0.         ... 0.         0.         0.        ],1,16.905833333333334,55.04766010139658,120,120,Lillipup
[0.99929935 0.         0.         ... 0.         0.         0.00234293],1,24.41,63.095693064846614,120,120,Linoone
[0.9996943  0.         0.         ... 0.         0.         0.00127097],1,17.731527777777778,50.417135043546736,120,120,Litleo
[0.9992929  0.         0.         ... 0.         0.         0.03430916],1,20.810555555555556,63.84671160697856,120,120,Litwick
"[9.995814e-01 0.000000e+00 0.000000e+00 ... 0.000000e+00 0.000000e+00
 9.626787e-04]",1,20.66784722222222,54.81588014616641,120,120,Lombre
[0.99893034 0.         0.         ... 0.         0.         0.        ],1,31.171736111111112,70.54188782038439,120,120,Lopunny
"[9.998713e-01 0.000000e+00 0.000000e+00 ... 0.000000e+00 0.000000e+00
 7.551898e-05]",1,11.833194444444445,41.824498845585865,120,120,Lotad
[0.9991867  0.         0.         ... 0.         0.         0.00470854],1,33.41319444444444,67.78130964371924,120,120,Loudred
[0.9993716  0.         0.         ... 0.         0.         0.00247963],1,20.05951388888889,51.09786905523477,120,120,Lucario
"[9.9841917e-01 0.0000000e+00 0.0000000e+00 ... 0.0000000e+00 0.0000000e+00
 2.6916404e-04]",1,39.37638888888889,76.0923634529035,120,120,Ludicolo
[0.9936709  0.         0.         ... 0.         0.         0.10507122],1,51.522847222222225,92.10731078598842,120,120,Lugia
"[9.994987e-01 0.000000e+00 0.000000e+00 ... 0.000000e+00 0.000000e+00
 8.869382e-04]",1,17.66138888888889,51.94517604876948,120,120,Lumineon
[0.9995615 0.        0.        ... 0.        0.        0.       ],1,21.198402777777776,61.53581057855655,120,120,Lunatone
[0.9997534  0.         0.         ... 0.         0.         0.00154943],1,11.669375,47.49329404006466,120,120,Luvdisc
[0.9995092  0.         0.         ... 0.         0.         0.00151927],1,20.980694444444445,52.41550385107628,120,120,Luxio
[0.99386287 0.         0.         ... 0.         0.         0.00100807],1,21.97076388888889,45.71839883976723,120,120,Luxray
"[9.9847007e-01 0.0000000e+00 0.0000000e+00 ... 0.0000000e+00 0.0000000e+00
 9.0236787e-04]",1,35.842708333333334,68.99744094206552,120,120,Machamp
"[9.9794430e-01 0.0000000e+00 0.0000000e+00 ... 0.0000000e+00 0.0000000e+00
 3.6085493e-04]",1,38.765,74.61437750564939,120,120,Machoke
"[9.9970859e-01 0.0000000e+00 0.0000000e+00 ... 0.0000000e+00 0.0000000e+00
 7.6788434e-05]",1,17.322708333333335,54.641022551217944,120,120,Machop
[0.999647   0.         0.         ... 0.         0.         0.00100553],1,15.57013888888889,48.24511716781571,120,120,Magby
"[9.9777704e-01 0.0000000e+00 0.0000000e+00 ... 0.0000000e+00 0.0000000e+00
 1.7182315e-04]",1,25.63659722222222,55.26817656842751,120,120,Magcargo
[0.99990094 0.         0.         ... 0.         0.         0.00448557],1,14.272361111111111,48.47624833625729,120,120,Magikarp
[0.9995704  0.         0.         ... 0.         0.         0.00227137],1,26.811875,62.799343906568694,120,120,Magmar
[0.99744415 0.         0.         ... 0.         0.         0.00207369],1,47.17854166666667,73.14707405165096,120,120,Magmortar
[0.9999677  0.         0.         ... 0.         0.         0.00408895],1,8.031805555555556,37.72921561109982,120,120,Magnemite
[0.9994506  0.         0.         ... 0.         0.         0.01568568],1,29.487708333333334,66.31615346223002,120,120,Magneton
[0.9994216  0.         0.         ... 0.         0.         0.01144312],1,27.41201388888889,64.43411930543068,120,120,Magnezone
[0.99920785 0.         0.         ... 0.         0.         0.        ],1,27.62,66.99303168572419,120,120,Makuhita
[0.9993558 0.        0.        ... 0.        0.        0.013669 ],1,39.06979166666667,75.9110018282443,120,120,Malamar
[0.9954068  0.         0.         ... 0.         0.         0.01592324],1,53.22875,84.8668076137462,120,120,Mamoswine
"[9.996055e-01 0.000000e+00 0.000000e+00 ... 0.000000e+00 0.000000e+00
 2.340631e-04]",1,19.526319444444443,56.837832192985296,120,120,Manaphy
[0.99890786 0.         0.         ... 0.         0.         0.00106239],1,29.55645833333333,62.22197388928465,120,120,Mandibuzz
"[9.9909544e-01 0.0000000e+00 0.0000000e+00 ... 0.0000000e+00 0.0000000e+00
 2.5098695e-04]",1,31.893958333333334,73.13875372763468,120,120,Manectric
[0.99988496 0.         0.         ... 0.         0.         0.0021184 ],1,15.267013888888888,52.972532407788954,120,120,Mankey
[0.9984263  0.         0.         ... 0.         0.         0.00639962],1,28.64138888888889,65.47794058785405,120,120,Mantine
"[9.998932e-01 0.000000e+00 0.000000e+00 ... 0.000000e+00 0.000000e+00
 5.310510e-04]",1,11.002430555555556,39.736025596472416,120,120,Mantyke
"[9.9934906e-01 0.0000000e+00 0.0000000e+00 ... 0.0000000e+00 0.0000000e+00
 7.6189253e-04]",1,25.34236111111111,58.519983623665205,120,120,Maractus
"[9.9966002e-01 0.0000000e+00 0.0000000e+00 ... 0.0000000e+00 0.0000000e+00
 7.8806464e-05]",1,21.63763888888889,62.07523616084883,120,120,Mareep
[0.9997966  0.         0.         ... 0.         0.         0.00646271],1,15.060069444444444,48.42980102966515,120,120,Marill
[0.99967605 0.         0.         ... 0.         0.         0.01003339],1,24.532222222222224,66.24178620407342,120,120,Marowak
"[9.9972427e-01 0.0000000e+00 0.0000000e+00 ... 0.0000000e+00 0.0000000e+00
 1.6209554e-04]",1,25.379444444444445,64.53075855505928,120,120,Marshtomp
[0.9997394  0.         0.         ... 0.         0.         0.01976174],1,22.908958333333334,64.2787817312943,120,120,Masquerain
[0.9994728  0.         0.         ... 0.         0.         0.00201198],1,16.777708333333333,48.85821709888314,120,120,Mawile
[0.99942863 0.         0.         ... 0.         0.         0.00771387],1,22.675416666666667,59.26926485768853,120,120,Medicham
[0.99978817 0.         0.         ... 0.         0.         0.010825  ],1,16.062291666666667,54.02398330858288,120,120,Meditite
[0.9972108  0.         0.         ... 0.         0.         0.01100028],1,41.04770833333333,79.67493516382285,120,120,Meganium
[0.9999284  0.         0.         ... 0.         0.         0.00628077],1,13.25201388888889,47.220481991984826,120,120,Meloetta
[0.9993455  0.         0.         ... 0.         0.         0.01995921],1,19.935208333333332,54.05383796977004,120,120,Meowstic
[0.99981874 0.         0.         ... 0.         0.         0.00472783],1,19.199930555555557,59.553805853713854,120,120,Meowth
[0.99981356 0.         0.         ... 0.         0.         0.00158839],1,21.492638888888887,58.66471304732645,120,120,Mesprit
[0.9966955 0.        0.        ... 0.        0.        0.0043639],1,41.778819444444444,66.47394254514454,120,120,Metagross
[0.99942154 0.         0.         ... 0.         0.         0.00871614],1,24.887430555555557,56.01943891591124,120,120,Metang
"[9.998713e-01 0.000000e+00 0.000000e+00 ... 0.000000e+00 0.000000e+00
 4.516811e-04]",1,12.4275,44.93226098343298,120,120,Metapod
"[9.9993002e-01 0.0000000e+00 0.0000000e+00 ... 0.0000000e+00 0.0000000e+00
 2.1990984e-04]",1,10.12486111111111,43.87989249369793,120,120,Mew
[0.9989464  0.         0.         ... 0.         0.         0.02338615],1,32.436875,74.9220885224625,120,120,Mewtwo
"[9.995541e-01 0.000000e+00 0.000000e+00 ... 0.000000e+00 0.000000e+00
 7.934858e-05]",1,21.94361111111111,61.24970193364108,120,120,Mienfoo
[0.9993323  0.         0.         ... 0.         0.         0.01701464],1,33.60381944444445,73.30697290898398,120,120,Mienshao
[0.99826807 0.         0.         ... 0.         0.         0.00261327],1,20.262013888888887,51.99533393968932,120,120,Mightyena
[0.99913    0.         0.         ... 0.         0.         0.00796741],1,38.28236111111111,80.45916662770722,120,120,Milotic
[0.9992283  0.         0.         ... 0.         0.         0.00204812],1,32.605069444444446,74.46338727015565,120,120,Miltank
[0.999884  0.        0.        ... 0.        0.        0.0067081],1,10.897013888888889,43.256700084429134,120,120,Mime
[0.998947   0.         0.         ... 0.         0.         0.01687828],1,30.846319444444443,73.65536060719363,120,120,Minccino
[0.9998185 0.        0.        ... 0.        0.        0.       ],1,15.508125,52.65039902334747,120,120,Minun
"[9.9942267e-01 0.0000000e+00 0.0000000e+00 ... 0.0000000e+00 0.0000000e+00
 7.8416844e-05]",1,14.883055555555556,42.861202886594334,120,120,Misdreavus
"[9.9728918e-01 0.0000000e+00 0.0000000e+00 ... 0.0000000e+00 0.0000000e+00
 1.7350195e-04]",1,23.41409722222222,49.59309829492959,120,120,Mismagius
"[9.995723e-01 0.000000e+00 0.000000e+00 ... 0.000000e+00 0.000000e+00
 2.623549e-04]",2,34.91854166666667,70.87192255192883,120,120,Moltres
[0.9998674  0.         0.         ... 0.         0.         0.00255414],1,20.02513888888889,54.927193540708856,120,120,Monferno
[0.9944407  0.         0.         ... 0.         0.         0.00538572],1,40.237291666666664,75.25692574919923,120,120,Mothim
[0.99969053 0.         0.         ... 0.         0.         0.01163006],1,24.664444444444445,63.08695090659682,120,120,Mr
"[9.9989659e-01 0.0000000e+00 0.0000000e+00 ... 0.0000000e+00 0.0000000e+00
 5.3716626e-04]",1,17.291180555555556,54.630125032863404,120,120,Mudkip
[0.9966838  0.         0.         ... 0.         0.         0.00131069],1,35.93798611111111,64.52742398348357,120,120,Muk
[0.9996045  0.         0.         ... 0.         0.         0.00132264],1,14.548055555555555,45.242501485479124,120,120,Munchlax
"[9.9892229e-01 0.0000000e+00 0.0000000e+00 ... 0.0000000e+00 0.0000000e+00
 3.1235843e-04]",1,23.144861111111112,66.2160624918543,120,120,Munna
"[9.9959487e-01 0.0000000e+00 0.0000000e+00 ... 0.0000000e+00 0.0000000e+00
 5.3589372e-04]",1,7.1618055555555555,29.753579375074487,120,120,Murkrow
"[9.9556130e-01 0.0000000e+00 0.0000000e+00 ... 0.0000000e+00 0.0000000e+00
 8.4528787e-04]",1,50.309583333333336,86.28286084053072,120,120,Musharna
"[9.9989593e-01 0.0000000e+00 0.0000000e+00 ... 0.0000000e+00 0.0000000e+00
 2.2367368e-04]",1,10.97263888888889,42.537660780806135,120,120,Natu
[0.9989109  0.         0.         ... 0.         0.         0.00671521],1,39.10784722222222,72.6175806658032,120,120,Nidoking
[0.99925864 0.         0.         ... 0.         0.         0.00212627],1,36.01451388888889,71.85097519567324,120,120,Nidoqueen
[0.99988365 0.         0.         ... 0.         0.         0.00111835],1,12.357916666666666,47.4002807785138,120,120,Nidoran
"[9.9975127e-01 0.0000000e+00 0.0000000e+00 ... 0.0000000e+00 0.0000000e+00
 4.5713363e-04]",1,13.590347222222222,45.64902674685401,120,120,Nidoran
[0.99974656 0.         0.         ... 0.         0.         0.00209249],1,19.58076388888889,59.727950412914595,120,120,Nidorina
"[9.9958146e-01 0.0000000e+00 0.0000000e+00 ... 0.0000000e+00 0.0000000e+00
 3.1662383e-04]",1,19.277708333333333,54.17282301192727,120,120,Nidorino
[0.9999211 0.        0.        ... 0.        0.        0.0066502],1,12.299097222222223,46.545219043975486,120,120,Nincada
"[9.959861e-01 0.000000e+00 0.000000e+00 ... 0.000000e+00 0.000000e+00
 9.252077e-05]",1,51.372638888888886,91.08390988675491,120,120,Ninetales
[0.99975705 0.         0.         ... 0.         0.         0.01518698],1,18.430069444444445,57.10733289892384,120,120,Ninjask
"[9.9911058e-01 0.0000000e+00 0.0000000e+00 ... 0.0000000e+00 0.0000000e+00
 6.7099434e-04]",1,24.98125,58.475796831716345,120,120,Noctowl
"[9.9989539e-01 0.0000000e+00 0.0000000e+00 ... 0.0000000e+00 0.0000000e+00
 6.2376505e-04]",1,16.451666666666668,50.446860352696326,120,120,Noibat
[0.9997878  0.         0.         ... 0.         0.         0.00114852],1,17.496875,46.55466012251903,120,120,Noivern
"[9.9958903e-01 0.0000000e+00 0.0000000e+00 ... 0.0000000e+00 0.0000000e+00
 1.6232365e-04]",1,16.446597222222223,43.55440318764814,120,120,Nosepass
[0.99948484 0.         0.         ... 0.         0.         0.00236826],1,24.777291666666667,68.30021289537699,120,120,Numel
[0.99980587 0.         0.         ... 0.         0.         0.00134446],1,17.95486111111111,50.92005898391275,120,120,Nuzleaf
[0.99921036 0.         0.         ... 0.         0.         0.00120571],1,17.62909722222222,46.270123256043284,120,120,Octillery
[0.99988353 0.         0.         ... 0.         0.         0.        ],1,10.148958333333333,35.8930389068756,120,120,Oddish
"[9.9980503e-01 0.0000000e+00 0.0000000e+00 ... 0.0000000e+00 0.0000000e+00
 8.3430856e-04]",1,16.248680555555556,55.56092906473797,120,120,Omanyte
[0.99958587 0.         0.         ... 0.         0.         0.00219886],1,27.063472222222224,68.0828773885125,120,120,Omastar
[0.99822444 0.         0.         ... 0.         0.         0.00101635],1,24.852708333333332,56.18474523241693,120,120,Onix
[0.99972355 0.         0.         ... 0.         0.         0.0217808 ],1,15.076319444444444,53.754707238923736,120,120,Oshawott
[0.9997671  0.         0.         ... 0.         0.         0.01131408],1,18.690555555555555,60.14666167629313,120,120,Pachirisu
[0.98809075 0.         0.         ... 0.         0.         0.13261856],1,68.74298611111111,96.21631726349646,120,120,Palkia
[0.99960965 0.         0.         ... 0.         0.         0.00154374],1,21.415694444444444,57.02813855473232,120,120,Palpitoad
[0.9996946  0.         0.         ... 0.         0.         0.00155655],1,16.17736111111111,53.64451989959913,120,120,Pancham
[0.9942608  0.         0.         ... 0.         0.         0.00306618],1,41.59979166666667,69.43315160370629,120,120,Pangoro
[0.99978507 0.         0.         ... 0.         0.         0.00192931],1,23.05763888888889,59.98094614109308,120,120,Panpour
"[9.9979293e-01 0.0000000e+00 0.0000000e+00 ... 0.0000000e+00 0.0000000e+00
 5.5743137e-04]",1,19.798472222222223,54.095199755198095,120,120,Pansage
"[9.9973255e-01 0.0000000e+00 0.0000000e+00 ... 0.0000000e+00 0.0000000e+00
 4.7403155e-04]",1,19.55013888888889,54.88439226109367,120,120,Pansear
[0.99995047 0.         0.         ... 0.         0.         0.0010506 ],1,12.427777777777777,45.97425071053428,120,120,Paras
[0.99943316 0.         0.         ... 0.         0.         0.00231446],1,28.702152777777776,68.40643830021487,120,120,Parasect
[0.9998717  0.         0.         ... 0.         0.         0.00193534],1,16.158819444444443,51.16003199379657,120,120,Patrat
[0.99987715 0.         0.         ... 0.         0.         0.00685639],1,12.299930555555555,42.763637850601526,120,120,Pawniard
[0.9986896  0.         0.         ... 0.         0.         0.01136855],1,33.33972222222222,77.08302165652704,120,120,Pelipper
"[9.9901658e-01 0.0000000e+00 0.0000000e+00 ... 0.0000000e+00 0.0000000e+00
 6.5024267e-04]",1,29.45625,73.43461587126143,120,120,Persian
[0.9998032  0.         0.         ... 0.         0.         0.00918525],1,19.053402777777777,59.59699955934577,120,120,Petilil
"[9.993230e-01 0.000000e+00 0.000000e+00 ... 0.000000e+00 0.000000e+00
 7.847059e-05]",1,21.285208333333333,60.43938748022166,120,120,Phanpy
"[9.9970943e-01 0.0000000e+00 0.0000000e+00 ... 0.0000000e+00 0.0000000e+00
 3.9051147e-04]",1,12.172291666666666,37.974976724788974,120,120,Phantump
"[9.9979967e-01 0.0000000e+00 0.0000000e+00 ... 0.0000000e+00 0.0000000e+00
 7.6765944e-05]",1,15.564166666666667,49.49657585659616,120,120,Phione
"[9.998153e-01 0.000000e+00 0.000000e+00 ... 0.000000e+00 0.000000e+00
 6.030249e-04]",1,13.08361111111111,49.628147347872044,120,120,Pichu
[0.99861217 0.         0.         ... 0.         0.         0.00234518],1,39.90222222222222,82.72386056134492,120,120,Pidgeot
[0.9997879  0.         0.         ... 0.         0.         0.00143202],1,22.498819444444443,62.40311378222564,120,120,Pidgeotto
"[9.9991995e-01 0.0000000e+00 0.0000000e+00 ... 0.0000000e+00 0.0000000e+00
 1.4944252e-04]",1,12.534652777777778,48.10374401305871,120,120,Pidgey
[0.9998987  0.         0.         ... 0.         0.         0.00262519],1,11.073888888888888,43.10181855391163,120,120,Pidove
[0.99925065 0.         0.         ... 0.         0.         0.00188489],1,22.46736111111111,52.682331965940904,120,120,Pignite
"[9.989550e-01 0.000000e+00 0.000000e+00 ... 0.000000e+00 0.000000e+00
 1.580375e-04]",1,24.328541666666666,66.86582889834055,120,120,Pikachu
[0.99417573 0.         0.         ... 0.         0.         0.00268252],1,27.622569444444444,57.36095971088272,120,120,Piloswine
"[9.9963850e-01 0.0000000e+00 0.0000000e+00 ... 0.0000000e+00 0.0000000e+00
 9.5165905e-04]",1,11.765625,35.93523107269889,120,120,Pineco
[0.99957025 0.         0.         ... 0.         0.         0.01082417],1,28.434375,67.24094114140281,120,120,Pinsir
[0.999767   0.         0.         ... 0.         0.         0.01616179],1,18.238055555555555,55.636383944693584,120,120,Piplup
"[9.998149e-01 0.000000e+00 0.000000e+00 ... 0.000000e+00 0.000000e+00
 7.573208e-05]",1,13.686111111111112,48.38090419196502,120,120,Plusle
"[9.99349e-01 0.00000e+00 0.00000e+00 ... 0.00000e+00 0.00000e+00
 2.49650e-04]",1,28.921319444444446,67.11712391974993,120,120,Politoed
[0.9999218  0.         0.         ... 0.         0.         0.00745817],1,11.229305555555555,42.50232578036135,120,120,Poliwag
[0.99979603 0.         0.         ... 0.         0.         0.01525749],1,16.88375,52.45695682434155,120,120,Poliwhirl
[0.99943846 0.         0.         ... 0.         0.         0.02005394],1,25.297013888888888,61.80473208217803,120,120,Poliwrath
"[9.9966794e-01 0.0000000e+00 0.0000000e+00 ... 0.0000000e+00 0.0000000e+00
 7.7379671e-05]",1,19.30847222222222,59.68781501742867,120,120,Ponyta
[0.99962467 0.         0.         ... 0.         0.         0.00254318],1,13.461458333333333,44.942480684709494,120,120,Poochyena
[0.9999423 0.        0.        ... 0.        0.        0.       ],1,11.613611111111112,39.80700675710089,120,120,Porygon
"[9.999543e-01 0.000000e+00 0.000000e+00 ... 0.000000e+00 0.000000e+00
 8.128508e-04]",1,9.331805555555556,38.293673898293676,120,120,Porygon
[0.99989337 0.         0.         ... 0.         0.         0.00121882],1,13.15875,43.90975522583855,120,120,Porygon2
[0.99930525 0.         0.         ... 0.         0.         0.00331619],1,26.509722222222223,68.56318590201269,120,120,Primeape
[0.99956816 0.         0.         ... 0.         0.         0.00279416],1,21.543055555555554,55.97277444930231,120,120,Prinplup
"[9.9788564e-01 0.0000000e+00 0.0000000e+00 ... 0.0000000e+00 0.0000000e+00
 7.4916339e-04]",1,31.655555555555555,60.277357525416726,120,120,Probopass
[0.9998166  0.         0.         ... 0.         0.         0.00206085],1,17.961180555555554,58.3445663588846,120,120,Psyduck
"[9.9966496e-01 0.0000000e+00 0.0000000e+00 ... 0.0000000e+00 0.0000000e+00
 6.0890208e-04]",1,10.251041666666667,35.80712169656629,120,120,Pumpkaboo
[0.9994333  0.         0.         ... 0.         0.         0.00232464],1,23.98951388888889,63.73778718343989,120,120,Pupitar
"[9.9987036e-01 0.0000000e+00 0.0000000e+00 ... 0.0000000e+00 0.0000000e+00
 9.2146872e-04]",1,11.848194444444445,40.59539703745805,120,120,Purrloin
[0.99847555 0.         0.         ... 0.         0.         0.04018523],1,34.77840277777778,71.99205293876379,120,120,Purugly
"[9.9823767e-01 0.0000000e+00 0.0000000e+00 ... 0.0000000e+00 0.0000000e+00
 9.3881092e-05]",1,37.225625,66.90128608233542,120,120,Pyroar
"[9.9629009e-01 0.0000000e+00 0.0000000e+00 ... 0.0000000e+00 0.0000000e+00
 8.5123895e-05]",1,36.18881944444445,76.5006152843496,120,120,Quagsire
"[9.9975055e-01 0.0000000e+00 0.0000000e+00 ... 0.0000000e+00 0.0000000e+00
 3.8202159e-04]",1,13.484861111111112,47.601360201534845,120,120,Quilava
"[9.9953943e-01 0.0000000e+00 0.0000000e+00 ... 0.0000000e+00 0.0000000e+00
 8.4115076e-04]",1,24.493541666666665,58.09735328128065,120,120,Quilladin
"[9.9985236e-01 0.0000000e+00 0.0000000e+00 ... 0.0000000e+00 0.0000000e+00
 6.8713125e-04]",1,14.187916666666666,48.28819983062058,120,120,Qwilfish
[0.99929607 0.         0.         ... 0.         0.         0.0017742 ],1,32.710347222222225,74.13291500662467,120,120,Raichu
[0.9990681  0.         0.         ... 0.         0.         0.02795753],1,38.08888888888889,79.00784956705172,120,120,Raikou
[0.99986315 0.         0.         ... 0.         0.         0.01304975],1,12.144861111111112,48.19653328626493,120,120,Ralts
[0.99735445 0.         0.         ... 0.         0.         0.00717332],1,25.467777777777776,54.28982860081779,120,120,Rampardos
"[9.981485e-01 0.000000e+00 0.000000e+00 ... 0.000000e+00 0.000000e+00
 8.935176e-05]",1,40.827222222222225,79.74426230182162,120,120,Rapidash
[0.99982685 0.         0.         ... 0.         0.         0.00166519],1,22.06590277777778,60.86880498837455,120,120,Raticate
"[9.9995381e-01 0.0000000e+00 0.0000000e+00 ... 0.0000000e+00 0.0000000e+00
 8.9588214e-04]",1,11.167361111111111,42.605681236095975,120,120,Rattata
[0.9985293  0.         0.         ... 0.         0.         0.00656864],1,37.015277777777776,64.81770518522231,120,120,Rayquaza
[0.9970401  0.         0.         ... 0.         0.         0.00132648],1,50.501041666666666,85.63854434010838,120,120,Regice
[0.98749596 0.         0.         ... 0.         0.         0.13477698],1,74.37597222222222,98.47204217102721,120,120,Regigigas
"[9.966305e-01 0.000000e+00 0.000000e+00 ... 0.000000e+00 0.000000e+00
 7.162642e-04]",1,50.714166666666664,78.8117806646175,120,120,Regirock
[0.9963543  0.         0.         ... 0.         0.         0.04211802],1,44.98277777777778,81.34496831434461,120,120,Registeel
"[9.9921745e-01 0.0000000e+00 0.0000000e+00 ... 0.0000000e+00 0.0000000e+00
 2.4847913e-04]",1,20.560625,50.72112278756847,120,120,Relicanth
"[9.9992847e-01 0.0000000e+00 0.0000000e+00 ... 0.0000000e+00 0.0000000e+00
 8.1445486e-04]",1,11.490347222222223,45.76029988661318,120,120,Remoraid
[0.99313396 0.         0.         ... 0.         0.         0.08232218],1,67.61673611111111,99.3607889093095,120,120,Reshiram
[0.9978579 0.        0.        ... 0.        0.        0.       ],1,62.077847222222225,93.95149226139692,120,120,Reuniclus
[0.9986384 0.        0.        ... 0.        0.        0.0028011],1,39.70527777777778,75.72155278042305,120,120,Rhydon
"[9.9904352e-01 0.0000000e+00 0.0000000e+00 ... 0.0000000e+00 0.0000000e+00
 3.2624492e-04]",1,23.531666666666666,58.35938320727297,120,120,Rhyhorn
[0.99489665 0.         0.         ... 0.         0.         0.00540399],1,50.32861111111111,68.08701388063731,120,120,Rhyperior
"[9.9987924e-01 0.0000000e+00 0.0000000e+00 ... 0.0000000e+00 0.0000000e+00
 6.8516168e-04]",1,10.659027777777778,37.72106490998992,120,120,Riolu
"[9.998436e-01 0.000000e+00 0.000000e+00 ... 0.000000e+00 0.000000e+00
 2.278413e-04]",1,7.230416666666667,28.874517164674035,120,120,Roggenrola
"[9.9990791e-01 0.0000000e+00 0.0000000e+00 ... 0.0000000e+00 0.0000000e+00
 7.7500226e-05]",1,15.433055555555555,47.709688820304066,120,120,Roselia
[0.9996897  0.         0.         ... 0.         0.         0.02209347],1,20.432708333333334,57.73369105593984,120,120,Roserade
[0.9998873  0.         0.         ... 0.         0.         0.00947903],1,15.162569444444445,53.81027268259968,120,120,Rotom
[0.9995443  0.         0.         ... 0.         0.         0.01710232],1,21.532569444444444,63.524758255765995,120,120,Rufflet
"[9.9980867e-01 0.0000000e+00 0.0000000e+00 ... 0.0000000e+00 0.0000000e+00
 5.3580315e-04]",1,11.733263888888889,39.208419647971965,120,120,Sableye
[0.99448794 0.         0.         ... 0.         0.         0.00214834],1,37.73888888888889,63.912027331749705,120,120,Salamence
[0.9989241  0.         0.         ... 0.         0.         0.02062402],1,35.60875,69.37142368034189,120,120,Samurott
"[9.9984258e-01 0.0000000e+00 0.0000000e+00 ... 0.0000000e+00 0.0000000e+00
 2.3029004e-04]",1,12.106875,41.14164769374942,120,120,Sandile
[0.9998886  0.         0.         ... 0.         0.         0.00167549],1,17.20777777777778,57.03234725969656,120,120,Sandshrew
[0.9996783 0.        0.        ... 0.        0.        0.0066479],1,27.04076388888889,66.16372320887723,120,120,Sandslash
"[9.996522e-01 0.000000e+00 0.000000e+00 ... 0.000000e+00 0.000000e+00
 4.989114e-04]",1,21.37701388888889,55.30395065227987,120,120,Sawk
"[9.996389e-01 0.000000e+00 0.000000e+00 ... 0.000000e+00 0.000000e+00
 8.111977e-04]",1,17.645902777777778,49.64985835429603,120,120,Sawsbuck
[0.9999274  0.         0.         ... 0.         0.         0.00148357],1,8.547916666666667,35.50484995968469,120,120,Scatterbug
"[9.9926418e-01 0.0000000e+00 0.0000000e+00 ... 0.0000000e+00 0.0000000e+00
 7.8896194e-04]",1,32.02013888888889,66.04492797400736,120,120,Sceptile
"[9.995334e-01 0.000000e+00 0.000000e+00 ... 0.000000e+00 0.000000e+00
 5.840833e-04]",1,22.36347222222222,54.051028864185426,120,120,Scizor
[0.99864817 0.         0.         ... 0.         0.         0.00205368],1,24.89138888888889,47.929420137715574,120,120,Scolipede
[0.9997777  0.         0.         ... 0.         0.         0.00208655],1,21.910625,57.72100641494239,120,120,Scrafty
[0.9998786  0.         0.         ... 0.         0.         0.00436561],1,17.606527777777778,56.72879350862023,120,120,Scraggy
[0.9997044  0.         0.         ... 0.         0.         0.00914837],1,27.830555555555556,68.72242000106276,120,120,Scyther
"[9.9980253e-01 0.0000000e+00 0.0000000e+00 ... 0.0000000e+00 0.0000000e+00
 7.7945157e-04]",1,20.054930555555554,59.011875893949984,120,120,Seadra
[0.99966305 0.         0.         ... 0.         0.         0.01803155],1,19.752222222222223,59.84385813241689,120,120,Seaking
[0.99965763 0.         0.         ... 0.         0.         0.01518872],1,24.782847222222223,66.0363146954764,120,120,Sealeo
"[9.999093e-01 0.000000e+00 0.000000e+00 ... 0.000000e+00 0.000000e+00
 7.458670e-05]",1,10.641111111111112,41.35881545005972,120,120,Seedot
[0.999625  0.        0.        ... 0.        0.        0.0179696],1,17.968611111111112,60.49452328988954,120,120,Seel
"[9.9653763e-01 0.0000000e+00 0.0000000e+00 ... 0.0000000e+00 0.0000000e+00
 4.2944952e-04]",1,47.11666666666667,69.34154799092516,120,120,Seismitoad
[0.999891   0.         0.         ... 0.         0.         0.00253312],1,13.331944444444444,44.49828282076639,120,120,Sentret
[0.99900395 0.         0.         ... 0.         0.         0.00652318],1,27.166527777777777,60.62269048658729,120,120,Serperior
"[9.998948e-01 0.000000e+00 0.000000e+00 ... 0.000000e+00 0.000000e+00
 6.979256e-04]",1,18.245694444444446,55.89089864107247,120,120,Servine
"[9.989889e-01 0.000000e+00 0.000000e+00 ... 0.000000e+00 0.000000e+00
 5.144124e-04]",1,21.50923611111111,49.75674352090743,120,120,Seviper
[0.9999134  0.         0.         ... 0.         0.         0.00315833],1,12.773333333333333,46.83680010893618,120,120,Sewaddle
[0.9996402  0.         0.         ... 0.         0.         0.00941766],1,17.591875,50.06027370509293,120,120,Sharpedo
[0.9998855  0.         0.         ... 0.         0.         0.00738434],1,17.125,54.75371816395465,120,120,Shaymin
[0.99977857 0.         0.         ... 0.         0.         0.00170743],2,18.039166666666667,54.41333062132436,120,120,Shedinja
[0.99769604 0.         0.         ... 0.         0.         0.03382443],1,32.240833333333335,75.84639026329613,120,120,Shelgon
[0.9999084  0.         0.         ... 0.         0.         0.00809734],1,10.883333333333333,42.26324743004652,120,120,Shellder
[0.99988514 0.         0.         ... 0.         0.         0.00336096],1,15.932083333333333,51.80401473710261,120,120,Shellos
[0.999899   0.         0.         ... 0.         0.         0.00183104],1,14.02951388888889,48.02796816598205,120,120,Shelmet
[0.9995693  0.         0.         ... 0.         0.         0.00249366],1,15.818541666666667,48.706046317405644,120,120,Shieldon
[0.998115  0.        0.        ... 0.        0.        0.0117584],1,42.314305555555556,74.34283359182774,120,120,Shiftry
"[9.9972934e-01 0.0000000e+00 0.0000000e+00 ... 0.0000000e+00 0.0000000e+00
 7.1065192e-04]",1,19.408541666666668,55.19611345854724,120,120,Shinx
"[9.9983746e-01 0.0000000e+00 0.0000000e+00 ... 0.0000000e+00 0.0000000e+00
 5.2125286e-04]",1,12.9,49.881565287744884,120,120,Shroomish
"[9.9984986e-01 0.0000000e+00 0.0000000e+00 ... 0.0000000e+00 0.0000000e+00
 6.1209052e-04]",1,16.116041666666668,52.93045299046705,120,120,Shuckle
[0.99985754 0.         0.         ... 0.         0.         0.        ],1,8.950277777777778,35.257962456578596,120,120,Shuppet
[0.99966335 0.         0.         ... 0.         0.         0.00354705],1,27.926319444444445,62.20490380417644,120,120,Sigilyph
[0.9995969  0.         0.         ... 0.         0.         0.01290397],1,20.517152777777778,64.0025497339667,120,120,Silcoon
[0.9992397  0.         0.         ... 0.         0.         0.00296355],1,35.271458333333335,72.55826196800547,120,120,Simipour
[0.9987976  0.         0.         ... 0.         0.         0.00499873],1,29.427569444444444,63.30368958382863,120,120,Simisage
[0.9995474 0.        0.        ... 0.        0.        0.0084286],1,28.975416666666668,66.06949692132898,120,120,Simisear
[0.9997449  0.         0.         ... 0.         0.         0.00314309],1,21.87201388888889,58.91040108220682,120,120,Skarmory
[0.9998103 0.        0.        ... 0.        0.        0.010558 ],1,18.129236111111112,51.49694873080482,120,120,Skiddo
[0.999567 0.       0.       ... 0.       0.       0.      ],1,14.316458333333333,46.17767836437063,120,120,Skiploom
"[9.9989116e-01 0.0000000e+00 0.0000000e+00 ... 0.0000000e+00 0.0000000e+00
 7.5743592e-05]",1,15.412083333333333,53.041254055412686,120,120,Skitty
[0.9998494  0.         0.         ... 0.         0.         0.00750519],1,18.18888888888889,53.1590709191541,120,120,Skorupi
"[9.999285e-01 0.000000e+00 0.000000e+00 ... 0.000000e+00 0.000000e+00
 8.250235e-04]",1,9.877152777777777,37.49126535613911,120,120,Skrelp
[0.99720716 0.         0.         ... 0.         0.         0.00324676],1,30.251180555555557,65.51935596104965,120,120,Skuntank
[0.9960021 0.        0.        ... 0.        0.        0.0462546],1,54.826458333333335,85.54138509426585,120,120,Slaking
[0.9998129  0.         0.         ... 0.         0.         0.00121254],1,15.95625,54.41680987570487,120,120,Slakoth
[0.9997857  0.         0.         ... 0.         0.         0.00570547],1,21.282152777777778,61.64013765693217,120,120,Sliggoo
[0.99876046 0.         0.         ... 0.         0.         0.00982269],1,43.77319444444444,83.09528468582165,120,120,Slowbro
[0.9990319  0.         0.         ... 0.         0.         0.02735301],1,37.84013888888889,79.30530492261914,120,120,Slowking
[0.99972713 0.         0.         ... 0.         0.         0.00354022],1,18.775625,58.24693485281662,120,120,Slowpoke
[0.9997347 0.        0.        ... 0.        0.        0.       ],1,17.265416666666667,50.135718289833044,120,120,Slugma
[0.9987445 0.        0.        ... 0.        0.        0.0222677],1,36.36986111111111,79.65949589403527,120,120,Slurpuff
[0.9993254  0.         0.         ... 0.         0.         0.00657451],1,28.366458333333334,70.10185308187047,120,120,Smeargle
[0.9998759  0.         0.         ... 0.         0.         0.00140388],1,19.37527777777778,57.880763451259156,120,120,Smoochum
[0.9998103  0.         0.         ... 0.         0.         0.00457278],1,12.891597222222222,41.32294037959482,120,120,Sneasel
"[9.9991858e-01 0.0000000e+00 0.0000000e+00 ... 0.0000000e+00 0.0000000e+00
 2.2766816e-04]",1,13.997430555555555,48.520262738115235,120,120,Snivy
[0.99660826 0.         0.         ... 0.         0.         0.03787808],1,44.80166666666667,85.32241774260996,120,120,Snorlax
[0.9998594  0.         0.         ... 0.         0.         0.00286255],1,12.162430555555556,46.49074510269232,120,120,Snorunt
[0.9986351  0.         0.         ... 0.         0.         0.04734943],1,28.295277777777777,68.88702631386612,120,120,Snover
[0.99950635 0.         0.         ... 0.         0.         0.00110915],1,19.539513888888887,54.62908357263481,120,120,Snubbull
[0.9998545 0.        0.        ... 0.        0.        0.       ],1,17.262430555555557,57.05643726155085,120,120,Solosis
[0.9997953 0.        0.        ... 0.        0.        0.       ],1,22.322430555555556,60.050279832664295,120,120,Solrock
"[9.9994987e-01 0.0000000e+00 0.0000000e+00 ... 0.0000000e+00 0.0000000e+00
 8.9782255e-04]",1,11.694375,44.29069060101604,120,120,Spearow
[0.9997355  0.         0.         ... 0.         0.         0.01090538],1,15.28923611111111,54.68156703156544,120,120,Spewpa
[0.99971604 0.         0.         ... 0.         0.         0.00258816],1,17.10159722222222,57.128173606996256,120,120,Spheal
"[9.9998337e-01 0.0000000e+00 0.0000000e+00 ... 0.0000000e+00 0.0000000e+00
 8.0220366e-04]",1,7.875,37.549401718861574,120,120,Spinarak
[0.9995322 0.        0.        ... 0.        0.        0.0080659],1,23.40111111111111,65.15693298055164,120,120,Spinda
[0.9986829 0.        0.        ... 0.        0.        0.       ],1,29.988333333333333,62.07975047827145,120,120,Spiritomb
[0.9998186  0.         0.         ... 0.         0.         0.00186659],1,11.379513888888889,43.14395554146254,120,120,Spoink
[0.99990743 0.         0.         ... 0.         0.         0.00210967],1,13.699930555555556,49.49924550486333,120,120,Spritzee
"[9.997830e-01 0.000000e+00 0.000000e+00 ... 0.000000e+00 0.000000e+00
 6.987689e-04]",1,18.12201388888889,54.53436519856923,120,120,Squirtle
"[9.9963284e-01 0.0000000e+00 0.0000000e+00 ... 0.0000000e+00 0.0000000e+00
 9.7477605e-04]",1,23.796736111111112,60.82053406824894,120,120,Stantler
[0.9983958  0.         0.         ... 0.         0.         0.01081295],1,21.75513888888889,50.58101629764799,120,120,Staraptor
[0.9994596 0.        0.        ... 0.        0.        0.0054099],1,14.251180555555555,41.80558880760721,120,120,Staravia
[0.9998961  0.         0.         ... 0.         0.         0.00734563],1,8.819652777777778,37.540434347387986,120,120,Starly
"[9.997318e-01 0.000000e+00 0.000000e+00 ... 0.000000e+00 0.000000e+00
 8.958170e-04]",1,23.985416666666666,60.637588577032815,120,120,Starmie
"[9.9994749e-01 0.0000000e+00 0.0000000e+00 ... 0.0000000e+00 0.0000000e+00
 7.5331285e-05]",1,11.925208333333334,43.18271938436508,120,120,Staryu
[0.99873567 0.         0.         ... 0.         0.         0.00273844],1,37.98027777777778,75.98325491646577,120,120,Steelix
[0.9971603 0.        0.        ... 0.        0.        0.0180757],1,45.67527777777778,83.0251282238667,120,120,Stoutland
[0.9987241  0.         0.         ... 0.         0.         0.00328879],1,34.11423611111111,69.51538652701146,120,120,Stunfisk
[0.99864787 0.         0.         ... 0.         0.         0.00419324],1,18.323611111111113,51.59747246462422,120,120,Stunky
"[9.9983567e-01 0.0000000e+00 0.0000000e+00 ... 0.0000000e+00 0.0000000e+00
 2.3298952e-04]",1,13.754166666666666,41.94358293357347,120,120,Sudowoodo
[0.9996686  0.         0.         ... 0.         0.         0.00729995],1,28.87611111111111,64.70932923800169,120,120,Suicune
[0.9997848 0.        0.        ... 0.        0.        0.       ],1,21.921180555555555,60.49252223067336,120,120,Sunflora
"[9.9991977e-01 0.0000000e+00 0.0000000e+00 ... 0.0000000e+00 0.0000000e+00
 3.7067014e-04]",1,9.380625,40.48189478229657,120,120,Sunkern
[0.99998844 0.         0.         ... 0.         0.         0.        ],1,7.952222222222222,36.3363809204365,120,120,Surskit
[0.9991688  0.         0.         ... 0.         0.         0.03665238],1,23.575902777777777,67.82822208336695,120,120,Swablu
"[9.9980146e-01 0.0000000e+00 0.0000000e+00 ... 0.0000000e+00 0.0000000e+00
 4.6686968e-04]",1,16.01263888888889,48.68778772538162,120,120,Swadloon
"[9.9494720e-01 0.0000000e+00 0.0000000e+00 ... 0.0000000e+00 0.0000000e+00
 9.0064925e-05]",1,35.648125,67.58218867165402,120,120,Swalot
"[9.9864388e-01 0.0000000e+00 0.0000000e+00 ... 0.0000000e+00 0.0000000e+00
 3.7809517e-04]",1,42.47694444444444,75.0012112613095,120,120,Swampert
[0.99667597 0.         0.         ... 0.         0.         0.02810953],1,46.043194444444445,87.1891873126477,120,120,Swanna
[0.99987    0.         0.         ... 0.         0.         0.00170454],1,10.782708333333334,37.60507232923709,120,120,Swellow
[0.99983656 0.         0.         ... 0.         0.         0.        ],1,9.681319444444444,37.35929024624947,120,120,Swinub
[0.9987886  0.         0.         ... 0.         0.         0.03994532],1,24.13104166666667,69.99946216280233,120,120,Swirlix
[0.99893165 0.         0.         ... 0.         0.         0.00226477],1,20.948958333333334,53.942058346314084,120,120,Swoobat
[0.99914145 0.         0.         ... 0.         0.         0.03488884],1,28.76423611111111,71.03850119125407,120,120,Sylveon
[0.9999024  0.         0.         ... 0.         0.         0.00466646],1,9.731944444444444,39.554294002003296,120,120,Taillow
"[9.992761e-01 0.000000e+00 0.000000e+00 ... 0.000000e+00 0.000000e+00
 7.777140e-04]",1,27.315347222222222,59.29780362258598,120,120,Talonflame
[0.99981624 0.         0.         ... 0.         0.         0.00493501],1,16.868680555555557,48.817965923112546,120,120,Tangela
[0.99404913 0.         0.         ... 0.         0.         0.00155239],1,47.42263888888889,71.49305221669088,120,120,Tangrowth
"[9.9950653e-01 0.0000000e+00 0.0000000e+00 ... 0.0000000e+00 0.0000000e+00
 1.6764618e-04]",1,25.41027777777778,58.49770299318081,120,120,Tauros
"[9.9957234e-01 0.0000000e+00 0.0000000e+00 ... 0.0000000e+00 0.0000000e+00
 6.9829630e-04]",1,17.367291666666667,52.76181699811625,120,120,Teddiursa
"[9.9994117e-01 0.0000000e+00 0.0000000e+00 ... 0.0000000e+00 0.0000000e+00
 1.4855759e-04]",1,10.617430555555556,41.8740683353494,120,120,Tentacool
"[9.996200e-01 0.000000e+00 0.000000e+00 ... 0.000000e+00 0.000000e+00
 8.154838e-05]",1,22.750138888888888,58.16104497650027,120,120,Tentacruel
[0.99970937 0.         0.         ... 0.         0.         0.00185547],1,12.787083333333333,41.90248699651436,120,120,Tepig
[0.99640703 0.         0.         ... 0.         0.         0.00114926],1,48.134375,74.27976441597474,120,120,Terrakion
[0.9977416  0.         0.         ... 0.         0.         0.04424135],1,41.209583333333335,78.32443809312753,120,120,Throh
[0.99852914 0.         0.         ... 0.         0.         0.01559635],1,38.26125,75.93836187325255,120,120,Thundurus
"[9.997271e-01 0.000000e+00 0.000000e+00 ... 0.000000e+00 0.000000e+00
 7.955810e-04]",1,20.659027777777776,57.00239141327811,120,120,Timburr
"[9.9989271e-01 0.0000000e+00 0.0000000e+00 ... 0.0000000e+00 0.0000000e+00
 6.9148873e-04]",1,11.740208333333333,39.23508308135771,120,120,Tirtouga
[0.99831045 0.         0.         ... 0.         0.         0.01972188],1,28.04013888888889,73.85207098565076,120,120,Togekiss
[0.99988383 0.         0.         ... 0.         0.         0.00633272],1,17.245,57.22677090604827,120,120,Togepi
[0.99946266 0.         0.         ... 0.         0.         0.02830772],1,19.677291666666665,61.86321008571553,120,120,Togetic
"[9.998448e-01 0.000000e+00 0.000000e+00 ... 0.000000e+00 0.000000e+00
 7.466543e-05]",1,12.383541666666666,46.13952323250928,120,120,Torchic
"[9.992913e-01 0.000000e+00 0.000000e+00 ... 0.000000e+00 0.000000e+00
 6.079471e-04]",1,33.96451388888889,70.5443983850858,120,120,Torkoal
[0.9988805  0.         0.         ... 0.         0.         0.01213806],1,38.866458333333334,74.79524188268884,120,120,Tornadus
[0.9951416  0.         0.         ... 0.         0.         0.00208487],1,44.35826388888889,65.0728057621899,120,120,Torterra
"[9.9968499e-01 0.0000000e+00 0.0000000e+00 ... 0.0000000e+00 0.0000000e+00
 1.5627404e-04]",1,17.685902777777777,51.85401271455912,120,120,Totodile
[0.99946487 0.         0.         ... 0.         0.         0.00100381],1,22.43576388888889,52.23540238775727,120,120,Toxicroak
[0.9990842  0.         0.         ... 0.         0.         0.03550746],1,22.437291666666667,62.15176953678647,120,120,Tranquill
"[9.992874e-01 0.000000e+00 0.000000e+00 ... 0.000000e+00 0.000000e+00
 7.773531e-05]",1,18.068194444444444,53.33063602102113,120,120,Trapinch
[0.9999247 0.        0.        ... 0.        0.        0.       ],1,14.83611111111111,50.76500682763548,120,120,Treecko
[0.99831533 0.         0.         ... 0.         0.         0.00171811],1,32.846944444444446,58.05318123733351,120,120,Trevenant
[0.99926156 0.         0.         ... 0.         0.         0.        ],1,26.381180555555556,58.41506102163931,120,120,Tropius
[0.99973696 0.         0.         ... 0.         0.         0.00311009],1,13.269930555555556,41.11984160482976,120,120,Trubbish
"[9.9989390e-01 0.0000000e+00 0.0000000e+00 ... 0.0000000e+00 0.0000000e+00
 1.5227197e-04]",1,14.83611111111111,49.82910602347553,120,120,Turtwig
"[9.9990815e-01 0.0000000e+00 0.0000000e+00 ... 0.0000000e+00 0.0000000e+00
 6.6675362e-04]",1,9.652777777777779,41.88167516356256,120,120,Tympole
[0.9999664  0.         0.         ... 0.         0.         0.00195461],1,8.276111111111112,41.19322370634505,120,120,Tynamo
"[9.9426484e-01 0.0000000e+00 0.0000000e+00 ... 0.0000000e+00 0.0000000e+00
 8.7392531e-05]",1,42.78854166666667,86.47197567443413,120,120,Typhlosion
[0.9969043  0.         0.         ... 0.         0.         0.00202917],1,48.5975,80.9822378973384,120,120,Tyranitar
[0.9977319  0.         0.         ... 0.         0.         0.03441859],1,44.32319444444445,73.85853212441539,120,120,Tyrantrum
[0.99989325 0.         0.         ... 0.         0.         0.00213881],1,15.356944444444444,51.319899016931274,120,120,Tyrogue
[0.99949485 0.         0.         ... 0.         0.         0.00642868],1,19.021180555555556,48.78987439060212,120,120,Tyrunt
"[9.9909544e-01 0.0000000e+00 0.0000000e+00 ... 0.0000000e+00 0.0000000e+00
 6.2762178e-04]",1,11.542291666666667,37.18995742989164,120,120,Umbreon
[0.99829507 0.         0.         ... 0.         0.         0.0012365 ],1,27.087291666666665,56.73147597477119,120,120,Unfezant
[0.9999027 0.        0.        ... 0.        0.        0.0112694],1,5.958333333333333,32.95312643235337,120,120,Unown
[0.99533445 0.         0.         ... 0.         0.         0.00469588],1,35.80097222222222,62.665930617568385,120,120,Ursaring
[0.9998913  0.         0.         ... 0.         0.         0.00138404],1,17.734513888888888,56.44803291437697,120,120,Uxie
[0.9994654  0.         0.         ... 0.         0.         0.02996744],1,22.76451388888889,64.93899191773363,120,120,Vanillish
[0.999326   0.         0.         ... 0.         0.         0.03456955],1,18.212083333333332,61.07035122248357,120,120,Vanillite
[0.9968934  0.         0.         ... 0.         0.         0.07480209],1,41.84423611111111,84.31030384735391,120,120,Vanilluxe
[0.9996753  0.         0.         ... 0.         0.         0.00969774],1,25.480138888888888,65.65644078570949,120,120,Vaporeon
"[9.9980420e-01 0.0000000e+00 0.0000000e+00 ... 0.0000000e+00 0.0000000e+00
 2.3394529e-04]",1,13.541527777777778,41.60787282473389,120,120,Venipede
[0.99952567 0.         0.         ... 0.         0.         0.00693387],1,26.789722222222224,68.83015190331888,120,120,Venomoth
"[9.9986416e-01 0.0000000e+00 0.0000000e+00 ... 0.0000000e+00 0.0000000e+00
 9.9298963e-04]",1,12.301458333333333,41.432457058123696,120,120,Venonat
[0.9983414  0.         0.         ... 0.         0.         0.00403798],1,46.28680555555555,78.47751424818004,120,120,Venusaur
[0.99912363 0.         0.         ... 0.         0.         0.00961799],1,32.02763888888889,68.09090788124227,120,120,Vespiquen
[0.9999625  0.         0.         ... 0.         0.         0.00106049],1,11.327083333333333,42.120476543729104,120,120,Vibrava
[0.99983615 0.         0.         ... 0.         0.         0.0010799 ],1,16.586180555555554,52.4477140760275,120,120,Victini
[0.99925125 0.         0.         ... 0.         0.         0.0011626 ],1,30.958680555555556,72.67750512391605,120,120,Victreebel
[0.9968617  0.         0.         ... 0.         0.         0.07169694],1,32.998125,77.61745980080009,120,120,Vigoroth
"[9.9944705e-01 0.0000000e+00 0.0000000e+00 ... 0.0000000e+00 0.0000000e+00
 8.0341400e-05]",1,17.389166666666668,45.359820012074316,120,120,Vileplume
"[9.9928641e-01 0.0000000e+00 0.0000000e+00 ... 0.0000000e+00 0.0000000e+00
 3.4508726e-04]",1,32.34451388888889,68.3902221866249,120,120,Virizion
[0.9912434  0.         0.         ... 0.         0.         0.00943623],1,48.88590277777778,70.9123811563843,120,120,Vivillon
[0.99990505 0.         0.         ... 0.         0.         0.00173567],1,17.99736111111111,52.78022692398524,120,120,Volbeat
"[9.9777037e-01 0.0000000e+00 0.0000000e+00 ... 0.0000000e+00 0.0000000e+00
 4.7708250e-04]",1,34.19625,59.59036287059017,120,120,Volcanion
[0.9988189  0.         0.         ... 0.         0.         0.03995275],1,32.29611111111111,69.74434932418768,120,120,Volcarona
[0.99940896 0.         0.         ... 0.         0.         0.00361186],1,17.230486111111112,53.7462841200035,120,120,Voltorb
"[9.9960780e-01 0.0000000e+00 0.0000000e+00 ... 0.0000000e+00 0.0000000e+00
 2.4135399e-04]",1,17.33326388888889,49.258125152239565,120,120,Vullaby
"[9.9989092e-01 0.0000000e+00 0.0000000e+00 ... 0.0000000e+00 0.0000000e+00
 7.6222816e-05]",1,13.035347222222223,43.33588695061062,120,120,Vulpix
[0.9979825  0.         0.         ... 0.         0.         0.00731801],1,41.862430555555555,84.17643114767378,120,120,Wailmer
[0.9522423  0.         0.         ... 0.         0.         0.09146077],1,94.751875,93.52865442137647,120,120,Wailord
[0.9972656  0.         0.         ... 0.         0.         0.04842076],1,40.00618055555555,75.30779916169713,120,120,Walrein
[0.9995903  0.         0.         ... 0.         0.         0.00264049],1,29.613055555555555,70.36161849567026,120,120,Wartortle
[0.9998461  0.         0.         ... 0.         0.         0.00547057],1,17.96375,53.53807904809176,120,120,Watchog
[0.9991988  0.         0.         ... 0.         0.         0.00754913],1,20.06388888888889,47.46811738640871,120,120,Weavile
[0.9999626  0.         0.         ... 0.         0.         0.00153346],1,8.497361111111111,39.014603658012746,120,120,Weedle
[0.9998563  0.         0.         ... 0.         0.         0.00106335],1,16.107777777777777,54.71748065752089,120,120,Weepinbell
"[9.9965519e-01 0.0000000e+00 0.0000000e+00 ... 0.0000000e+00 0.0000000e+00
 8.1737956e-04]",1,23.884930555555556,58.91314129594761,120,120,Weezing
"[9.9815947e-01 0.0000000e+00 0.0000000e+00 ... 0.0000000e+00 0.0000000e+00
 1.7409252e-04]",1,40.249652777777776,83.00507326290024,120,120,Whimsicott
"[9.9909598e-01 0.0000000e+00 0.0000000e+00 ... 0.0000000e+00 0.0000000e+00
 9.4076834e-04]",1,26.669375,59.34523809314102,120,120,Whirlipede
[0.9998661  0.         0.         ... 0.         0.         0.00195134],1,13.561666666666667,43.7883476699757,120,120,Whiscash
[0.9996846  0.         0.         ... 0.         0.         0.00131609],1,20.7475,62.637621765331,120,120,Whismur
[0.9992874  0.         0.         ... 0.         0.         0.02530563],1,29.17,73.87809207666972,120,120,Wigglytuff
[0.9998939  0.         0.         ... 0.         0.         0.01204249],1,10.332638888888889,44.69029587968784,120,120,Wingull
[0.9989755 0.        0.        ... 0.        0.        0.       ],1,22.946041666666666,58.15553443757942,120,120,Wobbuffet
"[9.9976504e-01 0.0000000e+00 0.0000000e+00 ... 0.0000000e+00 0.0000000e+00
 5.3422560e-04]",1,14.962569444444444,52.39492979666977,120,120,Woobat
"[9.9976772e-01 0.0000000e+00 0.0000000e+00 ... 0.0000000e+00 0.0000000e+00
 3.0106684e-04]",1,13.663541666666667,48.65086991012753,120,120,Wooper
[0.99968845 0.         0.         ... 0.         0.         0.00228581],1,12.676527777777778,38.93466506211693,120,120,Wormadam
[0.99988425 0.         0.         ... 0.         0.         0.01183295],1,12.64423611111111,47.492362267232295,120,120,Wurmple
"[9.999010e-01 0.000000e+00 0.000000e+00 ... 0.000000e+00 0.000000e+00
 7.547562e-05]",1,12.991458333333334,46.40589488219906,120,120,Wynaut
[0.99978536 0.         0.         ... 0.         0.         0.00622844],1,22.56173611111111,60.80209078813113,120,120,Xatu
[0.9996713  0.         0.         ... 0.         0.         0.00193071],1,31.56597222222222,67.18283476123037,120,120,Xerneas
"[9.998811e-01 0.000000e+00 0.000000e+00 ... 0.000000e+00 0.000000e+00
 7.514513e-04]",1,7.711180555555556,30.815810110606463,120,120,Yamask
[0.99988055 0.         0.         ... 0.         0.         0.0097016 ],1,16.811805555555555,54.468486042297606,120,120,Yanma
[0.99989045 0.         0.         ... 0.         0.         0.00219773],4,15.260555555555555,47.30842977175564,120,120,Yanmega
[0.9934032  0.         0.         ... 0.         0.         0.00327316],1,26.986180555555556,50.29183184861754,120,120,Yveltal
[0.9981428  0.         0.         ... 0.         0.         0.05673033],1,29.413125,72.68541201232226,120,120,Zangoose
[0.999465   0.         0.         ... 0.         0.         0.00124446],1,29.156041666666667,69.49793281017179,120,120,Zapdos
[0.9992294  0.         0.         ... 0.         0.         0.02262125],1,20.73784722222222,56.24276951878637,120,120,Zebstrika
[0.9923623  0.         0.         ... 0.         0.         0.00185855],1,27.913680555555555,46.128884739248186,120,120,Zekrom
[0.9997828  0.         0.         ... 0.         0.         0.00334428],1,16.104861111111113,49.52346782343182,120,120,Zigzagoon
[0.99895585 0.         0.         ... 0.         0.         0.00127094],1,19.043333333333333,40.718993793505696,120,120,Zoroark
"[9.9970424e-01 0.0000000e+00 0.0000000e+00 ... 0.0000000e+00 0.0000000e+00
 9.4274664e-04]",1,10.646944444444445,32.83279088548896,120,120,Zorua
"[9.9945223e-01 0.0000000e+00 0.0000000e+00 ... 0.0000000e+00 0.0000000e+00
 5.3953618e-04]",1,11.46875,37.02067171930584,120,120,Zubat
"[9.9889326e-01 0.0000000e+00 0.0000000e+00 ... 0.0000000e+00 0.0000000e+00
 7.7433587e-04]",1,20.01159722222222,44.6224385066775,120,120,Zweilous
[0.9976142  0.         0.         ... 0.         0.         0.00386223],1,30.96527777777778,59.8875477683017,120,120,Zygarde
